USE evals_test;

Insert into ACTIONS (ACTION) values ('approve-goals');
Insert into ACTIONS (ACTION) values ('close-appraisal');
Insert into ACTIONS (ACTION) values ('create-appraisal');
Insert into ACTIONS (ACTION) values ('reactivate-goals');
Insert into ACTIONS (ACTION) values ('read-appraisal-rebuttal');
Insert into ACTIONS (ACTION) values ('release-appraisal');
Insert into ACTIONS (ACTION) values ('reopen-appraisal');
Insert into ACTIONS (ACTION) values ('require-goals-modification');
Insert into ACTIONS (ACTION) values ('save-draft');
Insert into ACTIONS (ACTION) values ('sign-appraisal');
Insert into ACTIONS (ACTION) values ('submit-2nd-appraisal');
Insert into ACTIONS (ACTION) values ('submit-2nd-release');
Insert into ACTIONS (ACTION) values ('submit-2nd-review');
Insert into ACTIONS (ACTION) values ('submit-appraisal');
Insert into ACTIONS (ACTION) values ('submit-goals');
Insert into ACTIONS (ACTION) values ('submit-response');
Insert into ACTIONS (ACTION) values ('submit-results');
Insert into ACTIONS (ACTION) values ('submit-review');

Insert into APPOINTMENT_TYPES (NAME) values ('Classified');
Insert into APPOINTMENT_TYPES (NAME) values ('Classified IT');
Insert into APPOINTMENT_TYPES (NAME) values ('Professional Faculty');
Insert into APPOINTMENT_TYPES (NAME) values ('Ranked Faculty');

Insert into APPRAISAL_STEPS (ID,ACTION,APPOINTMENT_TYPE,NEW_STATUS,EMAIL_TYPE) values (2,'create-appraisal','Default','goalsDue','goalsDue');
Insert into APPRAISAL_STEPS (ID,ACTION,APPOINTMENT_TYPE,NEW_STATUS,EMAIL_TYPE) values (3,'submit-goals','Default','goalsApprovalDue','goalsApprovalDue');
Insert into APPRAISAL_STEPS (ID,ACTION,APPOINTMENT_TYPE,NEW_STATUS,EMAIL_TYPE) values (4,'approve-goals','Default','goalsApproved','goalsApproved');
Insert into APPRAISAL_STEPS (ID,ACTION,APPOINTMENT_TYPE,NEW_STATUS,EMAIL_TYPE) values (5,'require-goals-modification','Default','goalsRequiredModification','goalsRequiredModification');
Insert into APPRAISAL_STEPS (ID,ACTION,APPOINTMENT_TYPE,NEW_STATUS,EMAIL_TYPE) values (6,'submit-results','Default','appraisalDue',null);
Insert into APPRAISAL_STEPS (ID,ACTION,APPOINTMENT_TYPE,NEW_STATUS,EMAIL_TYPE) values (7,'submit-appraisal','Default','reviewDue',null);
Insert into APPRAISAL_STEPS (ID,ACTION,APPOINTMENT_TYPE,NEW_STATUS,EMAIL_TYPE) values (8,'submit-review','Default','releaseDue',null);
Insert into APPRAISAL_STEPS (ID,ACTION,APPOINTMENT_TYPE,NEW_STATUS,EMAIL_TYPE) values (9,'release-appraisal','Default','signatureDue','signatureDue');
Insert into APPRAISAL_STEPS (ID,ACTION,APPOINTMENT_TYPE,NEW_STATUS,EMAIL_TYPE) values (10,'sign-appraisal','Default','completed','completed');
Insert into APPRAISAL_STEPS (ID,ACTION,APPOINTMENT_TYPE,NEW_STATUS,EMAIL_TYPE) values (15,'reactivate-goals','Default','goalsReactivated','goalsReactivated');
Insert into APPRAISAL_STEPS (ID,ACTION,APPOINTMENT_TYPE,NEW_STATUS,EMAIL_TYPE) values (16,'close-appraisal','Default','closed','closed');
Insert into APPRAISAL_STEPS (ID,ACTION,APPOINTMENT_TYPE,NEW_STATUS,EMAIL_TYPE) values (18,'read-appraisal-rebuttal','Default','completed','rebuttalRead');
Insert into APPRAISAL_STEPS (ID,ACTION,APPOINTMENT_TYPE,NEW_STATUS,EMAIL_TYPE) values (19,'submit-response','Default','rebuttalReadDue','rebuttalReadDue');
Insert into APPRAISAL_STEPS (ID,ACTION,APPOINTMENT_TYPE,NEW_STATUS,EMAIL_TYPE) values (52764,'submit-review','Professional Faculty','releaseDue','releaseDue');
Insert into APPRAISAL_STEPS (ID,ACTION,APPOINTMENT_TYPE,NEW_STATUS,EMAIL_TYPE) values (44324,'timeout-goals-reactivation-req','Default','goalsApproved','goalsReactivationRequestedTimeout');
Insert into APPRAISAL_STEPS (ID,ACTION,APPOINTMENT_TYPE,NEW_STATUS,EMAIL_TYPE) values (51140,'submit-appraisal','Professional Faculty','employeeReviewDue','employeeReviewDue');
Insert into APPRAISAL_STEPS (ID,ACTION,APPOINTMENT_TYPE,NEW_STATUS,EMAIL_TYPE) values (44131,'request-goals-reactivation','Default','goalsReactivationRequested','goalsReactivationRequested');
Insert into APPRAISAL_STEPS (ID,ACTION,APPOINTMENT_TYPE,NEW_STATUS,EMAIL_TYPE) values (44132,'deny-goals-reactivation','Default','goalsApproved','goalsReactivationDenied');
Insert into APPRAISAL_STEPS (ID,ACTION,APPOINTMENT_TYPE,NEW_STATUS,EMAIL_TYPE) values (44134,'timeout-goals-reactivated','Default','goalsApproved','goalsReactivatedTimeout');
Insert into APPRAISAL_STEPS (ID,ACTION,APPOINTMENT_TYPE,NEW_STATUS,EMAIL_TYPE) values (44135,'approve-goals-reactivation','Default','goalsReactivated','goalsReactivated');
Insert into APPRAISAL_STEPS (ID,ACTION,APPOINTMENT_TYPE,NEW_STATUS,EMAIL_TYPE) values (558479,'submit-review','Ranked Faculty','releaseDue','releaseDue');
Insert into APPRAISAL_STEPS (ID,ACTION,APPOINTMENT_TYPE,NEW_STATUS,EMAIL_TYPE) values (558480,'submit-appraisal','Ranked Faculty','employeeReviewDue','employeeReviewDue');

Insert into BUSINESS_CENTERS (NAME) values ('AABC');
Insert into BUSINESS_CENTERS (NAME) values ('AMBC');
Insert into BUSINESS_CENTERS (NAME) values ('ASBC');
Insert into BUSINESS_CENTERS (NAME) values ('BEBC');
Insert into BUSINESS_CENTERS (NAME) values ('CCBO');
Insert into BUSINESS_CENTERS (NAME) values ('FOBC');
Insert into BUSINESS_CENTERS (NAME) values ('HSBC');
Insert into BUSINESS_CENTERS (NAME) values ('UABC');

Insert into CONFIGURATIONS (ID,SECTION,NAME,SEQUENCE,VALUE,REFERENCE_POINT,ACTION,APPOINTMENT_TYPE) values (1,'due-date','goalsDue',1,'30','start','add','Default');
Insert into CONFIGURATIONS (ID,SECTION,NAME,SEQUENCE,VALUE,REFERENCE_POINT,ACTION,APPOINTMENT_TYPE) values (2,'due-date','goalsReactivatedDue',2,'5','goals_reacitvate_date','add','Default');
Insert into CONFIGURATIONS (ID,SECTION,NAME,SEQUENCE,VALUE,REFERENCE_POINT,ACTION,APPOINTMENT_TYPE) values (3,'due-date','goalsApprovalDue',3,'45','start','add','Default');
Insert into CONFIGURATIONS (ID,SECTION,NAME,SEQUENCE,VALUE,REFERENCE_POINT,ACTION,APPOINTMENT_TYPE) values (4,'due-date','resultsDue',4,'40','end','subtract','Default');
Insert into CONFIGURATIONS (ID,SECTION,NAME,SEQUENCE,VALUE,REFERENCE_POINT,ACTION,APPOINTMENT_TYPE) values (5,'due-date','appraisalDue',5,'30','end','subtract','Default');
Insert into CONFIGURATIONS (ID,SECTION,NAME,SEQUENCE,VALUE,REFERENCE_POINT,ACTION,APPOINTMENT_TYPE) values (6,'due-date','reviewDue',6,'15','end','subtract','Default');
Insert into CONFIGURATIONS (ID,SECTION,NAME,SEQUENCE,VALUE,REFERENCE_POINT,ACTION,APPOINTMENT_TYPE) values (7,'due-date','releaseDue',7,'3','end','subtract','Default');
Insert into CONFIGURATIONS (ID,SECTION,NAME,SEQUENCE,VALUE,REFERENCE_POINT,ACTION,APPOINTMENT_TYPE) values (8,'due-date','signatureDue',8,'1','end','subtract','Default');
Insert into CONFIGURATIONS (ID,SECTION,NAME,SEQUENCE,VALUE,REFERENCE_POINT,ACTION,APPOINTMENT_TYPE) values (9,'due-date','rebuttalReadDue',9,'7','employee_signed_date','add','Default');
Insert into CONFIGURATIONS (ID,SECTION,NAME,SEQUENCE,VALUE,REFERENCE_POINT,ACTION,APPOINTMENT_TYPE) values (10,'email-notification','goalsDueFrequency',1,'30',null,null,'Default');
Insert into CONFIGURATIONS (ID,SECTION,NAME,SEQUENCE,VALUE,REFERENCE_POINT,ACTION,APPOINTMENT_TYPE) values (11,'email-notification','goalsOverdueFrequency',2,'7',null,null,'Default');
Insert into CONFIGURATIONS (ID,SECTION,NAME,SEQUENCE,VALUE,REFERENCE_POINT,ACTION,APPOINTMENT_TYPE) values (12,'email-notification','goalsRequiredModificationFrequency',3,'7',null,null,'Default');
Insert into CONFIGURATIONS (ID,SECTION,NAME,SEQUENCE,VALUE,REFERENCE_POINT,ACTION,APPOINTMENT_TYPE) values (14,'email-notification','goalsApprovalDueFrequency',5,'7',null,null,'Default');
Insert into CONFIGURATIONS (ID,SECTION,NAME,SEQUENCE,VALUE,REFERENCE_POINT,ACTION,APPOINTMENT_TYPE) values (15,'email-notification','goalsApprovalOverdueFrequency',6,'7',null,null,'Default');
Insert into CONFIGURATIONS (ID,SECTION,NAME,SEQUENCE,VALUE,REFERENCE_POINT,ACTION,APPOINTMENT_TYPE) values (17,'email-notification','resultsDueFrequency',8,'15',null,null,'Default');
Insert into CONFIGURATIONS (ID,SECTION,NAME,SEQUENCE,VALUE,REFERENCE_POINT,ACTION,APPOINTMENT_TYPE) values (18,'email-notification','resultsOverdueFrequency',9,'7',null,null,'Default');
Insert into CONFIGURATIONS (ID,SECTION,NAME,SEQUENCE,VALUE,REFERENCE_POINT,ACTION,APPOINTMENT_TYPE) values (19,'email-notification','appraisalDueFrequency',10,'15',null,null,'Default');
Insert into CONFIGURATIONS (ID,SECTION,NAME,SEQUENCE,VALUE,REFERENCE_POINT,ACTION,APPOINTMENT_TYPE) values (20,'email-notification','appraisalOverdueFrequency',11,'7',null,null,'Default');
Insert into CONFIGURATIONS (ID,SECTION,NAME,SEQUENCE,VALUE,REFERENCE_POINT,ACTION,APPOINTMENT_TYPE) values (42,'reports','reportMaxDataForCharts',1,'40',null,null,'Default');
Insert into CONFIGURATIONS (ID,SECTION,NAME,SEQUENCE,VALUE,REFERENCE_POINT,ACTION,APPOINTMENT_TYPE) values (43,'reports','reportMaxDataForList',2,'10',null,null,'Default');
Insert into CONFIGURATIONS (ID,SECTION,NAME,SEQUENCE,VALUE,REFERENCE_POINT,ACTION,APPOINTMENT_TYPE) values (23,'email-notification','releaseDueFrequency',14,'1',null,null,'Default');
Insert into CONFIGURATIONS (ID,SECTION,NAME,SEQUENCE,VALUE,REFERENCE_POINT,ACTION,APPOINTMENT_TYPE) values (24,'email-notification','releaseOverdueFrequency',15,'1',null,null,'Default');
Insert into CONFIGURATIONS (ID,SECTION,NAME,SEQUENCE,VALUE,REFERENCE_POINT,ACTION,APPOINTMENT_TYPE) values (25,'email-notification','signatureDueFrequency',16,'5',null,null,'Default');
Insert into CONFIGURATIONS (ID,SECTION,NAME,SEQUENCE,VALUE,REFERENCE_POINT,ACTION,APPOINTMENT_TYPE) values (26,'email-notification','signatureOverdueFrequency',17,'2',null,null,'Default');
Insert into CONFIGURATIONS (ID,SECTION,NAME,SEQUENCE,VALUE,REFERENCE_POINT,ACTION,APPOINTMENT_TYPE) values (27,'email-notification','rebuttalReadDueFrequency',18,'3',null,null,'Default');
Insert into CONFIGURATIONS (ID,SECTION,NAME,SEQUENCE,VALUE,REFERENCE_POINT,ACTION,APPOINTMENT_TYPE) values (28,'email-notification','rebuttalReadOverdueFrequency',19,'2',null,null,'Default');
Insert into CONFIGURATIONS (ID,SECTION,NAME,SEQUENCE,VALUE,REFERENCE_POINT,ACTION,APPOINTMENT_TYPE) values (29,'email-notification','firstGoalDueReminder',20,'30','start','subtract','Default');
Insert into CONFIGURATIONS (ID,SECTION,NAME,SEQUENCE,VALUE,REFERENCE_POINT,ACTION,APPOINTMENT_TYPE) values (30,'email-notification','firstResultDueReminder',21,'60','end','subtract','Default');
Insert into CONFIGURATIONS (ID,SECTION,NAME,SEQUENCE,VALUE,REFERENCE_POINT,ACTION,APPOINTMENT_TYPE) values (31,'configuration','minGoalChar',1,'1000',null,null,'Default');
Insert into CONFIGURATIONS (ID,SECTION,NAME,SEQUENCE,VALUE,REFERENCE_POINT,ACTION,APPOINTMENT_TYPE) values (32,'configuration','maxGoalChar',2,'800',null,null,'Default');
Insert into CONFIGURATIONS (ID,SECTION,NAME,SEQUENCE,VALUE,REFERENCE_POINT,ACTION,APPOINTMENT_TYPE) values (33,'configuration','minResultChar',3,'100',null,null,'Default');
Insert into CONFIGURATIONS (ID,SECTION,NAME,SEQUENCE,VALUE,REFERENCE_POINT,ACTION,APPOINTMENT_TYPE) values (34,'configuration','maxResultChar',4,'8000',null,null,'Default');
Insert into CONFIGURATIONS (ID,SECTION,NAME,SEQUENCE,VALUE,REFERENCE_POINT,ACTION,APPOINTMENT_TYPE) values (35,'configuration','goalsNotification',5,'1',null,null,'Default');
Insert into CONFIGURATIONS (ID,SECTION,NAME,SEQUENCE,VALUE,REFERENCE_POINT,ACTION,APPOINTMENT_TYPE) values (36,'configuration','resultsNotification',6,'1',null,null,'Default');
Insert into CONFIGURATIONS (ID,SECTION,NAME,SEQUENCE,VALUE,REFERENCE_POINT,ACTION,APPOINTMENT_TYPE) values (37,'configuration','appraisalNotification',7,'1',null,null,'Default');
Insert into CONFIGURATIONS (ID,SECTION,NAME,SEQUENCE,VALUE,REFERENCE_POINT,ACTION,APPOINTMENT_TYPE) values (38,'configuration','reviewDueNotification',8,'1',null,null,'Default');
Insert into CONFIGURATIONS (ID,SECTION,NAME,SEQUENCE,VALUE,REFERENCE_POINT,ACTION,APPOINTMENT_TYPE) values (39,'configuration','releaseDueNotification',9,'1',null,null,'Default');
Insert into CONFIGURATIONS (ID,SECTION,NAME,SEQUENCE,VALUE,REFERENCE_POINT,ACTION,APPOINTMENT_TYPE) values (40,'due-date','goalsRequiredModification',10,'7','GOALS_REQUIRED_MOD_DATE','add','Default');
Insert into CONFIGURATIONS (ID,SECTION,NAME,SEQUENCE,VALUE,REFERENCE_POINT,ACTION,APPOINTMENT_TYPE) values (48912,'configuration','goalsReactivationProcessTimeout',13,'4','resultsDue','subtract','Default');
Insert into CONFIGURATIONS (ID,SECTION,NAME,SEQUENCE,VALUE,REFERENCE_POINT,ACTION,APPOINTMENT_TYPE) values (49384,'configuration','autoSaveFrequency',14,'1',null,null,'Default');
Insert into CONFIGURATIONS (ID,SECTION,NAME,SEQUENCE,VALUE,REFERENCE_POINT,ACTION,APPOINTMENT_TYPE) values (52812,'configuration','employeeReviewDueExpiration',16,'15','evaluationSubmitDate','add','Default');
Insert into CONFIGURATIONS (ID,SECTION,NAME,SEQUENCE,VALUE,REFERENCE_POINT,ACTION,APPOINTMENT_TYPE) values (40404,'classified-it-salary','IT-increase-rate2-above-control-value',2,'2',null,null,'Default');
Insert into CONFIGURATIONS (ID,SECTION,NAME,SEQUENCE,VALUE,REFERENCE_POINT,ACTION,APPOINTMENT_TYPE) values (40405,'classified-it-salary','IT-increase-rate1-above-control-min-value',5,'3',null,null,'Default');
Insert into CONFIGURATIONS (ID,SECTION,NAME,SEQUENCE,VALUE,REFERENCE_POINT,ACTION,APPOINTMENT_TYPE) values (40406,'classified-it-salary','IT-increase-rate1-above-control-max-value',6,'4',null,null,'Default');
Insert into CONFIGURATIONS (ID,SECTION,NAME,SEQUENCE,VALUE,REFERENCE_POINT,ACTION,APPOINTMENT_TYPE) values (44136,'configuration','goalsReactivationRequestedExpiration',10,'10','goal_reactivation_request','add','Default');
Insert into CONFIGURATIONS (ID,SECTION,NAME,SEQUENCE,VALUE,REFERENCE_POINT,ACTION,APPOINTMENT_TYPE) values (44137,'configuration','goalsReactivatedExpiration',11,'10','goal_reactivation_req_dec','add','Default');
Insert into CONFIGURATIONS (ID,SECTION,NAME,SEQUENCE,VALUE,REFERENCE_POINT,ACTION,APPOINTMENT_TYPE) values (44138,'configuration','goalsReactivationRequestedFrequency',12,'7',null,null,'Default');
Insert into CONFIGURATIONS (ID,SECTION,NAME,SEQUENCE,VALUE,REFERENCE_POINT,ACTION,APPOINTMENT_TYPE) values (44139,'configuration','goalsReactivatedFrequency',13,'7',null,null,'Default');
Insert into CONFIGURATIONS (ID,SECTION,NAME,SEQUENCE,VALUE,REFERENCE_POINT,ACTION,APPOINTMENT_TYPE) values (52211,'email-notification','goalsOverdueFrequency',22,'-1',null,null,'Professional Faculty');
Insert into CONFIGURATIONS (ID,SECTION,NAME,SEQUENCE,VALUE,REFERENCE_POINT,ACTION,APPOINTMENT_TYPE) values (52212,'email-notification','goalsApprovalOverdueFrequency',23,'-1',null,null,'Professional Faculty');
Insert into CONFIGURATIONS (ID,SECTION,NAME,SEQUENCE,VALUE,REFERENCE_POINT,ACTION,APPOINTMENT_TYPE) values (52213,'email-notification','resultsOverdueFrequency',24,'-1',null,null,'Professional Faculty');
Insert into CONFIGURATIONS (ID,SECTION,NAME,SEQUENCE,VALUE,REFERENCE_POINT,ACTION,APPOINTMENT_TYPE) values (52214,'email-notification','appraisalOverdueFrequency',25,'-1',null,null,'Professional Faculty');
Insert into CONFIGURATIONS (ID,SECTION,NAME,SEQUENCE,VALUE,REFERENCE_POINT,ACTION,APPOINTMENT_TYPE) values (52215,'email-notification','releaseOverdueFrequency',26,'-1',null,null,'Professional Faculty');
Insert into CONFIGURATIONS (ID,SECTION,NAME,SEQUENCE,VALUE,REFERENCE_POINT,ACTION,APPOINTMENT_TYPE) values (52216,'email-notification','signatureOverdueFrequency',27,'-1',null,null,'Professional Faculty');
Insert into CONFIGURATIONS (ID,SECTION,NAME,SEQUENCE,VALUE,REFERENCE_POINT,ACTION,APPOINTMENT_TYPE) values (52217,'email-notification','rebuttalReadOverdueFrequency',28,'-1',null,null,'Professional Faculty');
Insert into CONFIGURATIONS (ID,SECTION,NAME,SEQUENCE,VALUE,REFERENCE_POINT,ACTION,APPOINTMENT_TYPE) values (52232,'email-notification','goalsDueFrequency',29,'31',null,null,'Professional Faculty');
Insert into CONFIGURATIONS (ID,SECTION,NAME,SEQUENCE,VALUE,REFERENCE_POINT,ACTION,APPOINTMENT_TYPE) values (52233,'email-notification','goalsApprovalDueFrequency',30,'200',null,null,'Professional Faculty');
Insert into CONFIGURATIONS (ID,SECTION,NAME,SEQUENCE,VALUE,REFERENCE_POINT,ACTION,APPOINTMENT_TYPE) values (52234,'email-notification','resultsDueFrequency',31,'200',null,null,'Professional Faculty');
Insert into CONFIGURATIONS (ID,SECTION,NAME,SEQUENCE,VALUE,REFERENCE_POINT,ACTION,APPOINTMENT_TYPE) values (52235,'email-notification','appraisalDueFrequency',32,'200',null,null,'Professional Faculty');
Insert into CONFIGURATIONS (ID,SECTION,NAME,SEQUENCE,VALUE,REFERENCE_POINT,ACTION,APPOINTMENT_TYPE) values (52236,'email-notification','releaseDueFrequency',33,'200',null,null,'Professional Faculty');
Insert into CONFIGURATIONS (ID,SECTION,NAME,SEQUENCE,VALUE,REFERENCE_POINT,ACTION,APPOINTMENT_TYPE) values (52237,'email-notification','signatureDueFrequency',34,'200',null,null,'Professional Faculty');
Insert into CONFIGURATIONS (ID,SECTION,NAME,SEQUENCE,VALUE,REFERENCE_POINT,ACTION,APPOINTMENT_TYPE) values (52238,'email-notification','rebuttalReadDueFrequency',35,'200',null,null,'Professional Faculty');
Insert into CONFIGURATIONS (ID,SECTION,NAME,SEQUENCE,VALUE,REFERENCE_POINT,ACTION,APPOINTMENT_TYPE) values (52259,'due-date','goalsDue',36,'30','start','add','Professional Faculty');
Insert into CONFIGURATIONS (ID,SECTION,NAME,SEQUENCE,VALUE,REFERENCE_POINT,ACTION,APPOINTMENT_TYPE) values (52260,'due-date','goalsReactivatedDue',37,'10','goals_reacitvate_date','add','Professional Faculty');
Insert into CONFIGURATIONS (ID,SECTION,NAME,SEQUENCE,VALUE,REFERENCE_POINT,ACTION,APPOINTMENT_TYPE) values (52261,'due-date','goalsApprovalDue',38,'50','start','add','Professional Faculty');
Insert into CONFIGURATIONS (ID,SECTION,NAME,SEQUENCE,VALUE,REFERENCE_POINT,ACTION,APPOINTMENT_TYPE) values (52262,'due-date','resultsDue',39,'30','end','add','Professional Faculty');
Insert into CONFIGURATIONS (ID,SECTION,NAME,SEQUENCE,VALUE,REFERENCE_POINT,ACTION,APPOINTMENT_TYPE) values (52263,'due-date','appraisalDue',40,'45','end','add','Professional Faculty');
Insert into CONFIGURATIONS (ID,SECTION,NAME,SEQUENCE,VALUE,REFERENCE_POINT,ACTION,APPOINTMENT_TYPE) values (52264,'due-date','employeeReviewDue',41,'60','end','add','Professional Faculty');
Insert into CONFIGURATIONS (ID,SECTION,NAME,SEQUENCE,VALUE,REFERENCE_POINT,ACTION,APPOINTMENT_TYPE) values (52265,'due-date','releaseDue',42,'75','end','add','Professional Faculty');
Insert into CONFIGURATIONS (ID,SECTION,NAME,SEQUENCE,VALUE,REFERENCE_POINT,ACTION,APPOINTMENT_TYPE) values (52266,'due-date','signatureDue',43,'90','end','add','Professional Faculty');
Insert into CONFIGURATIONS (ID,SECTION,NAME,SEQUENCE,VALUE,REFERENCE_POINT,ACTION,APPOINTMENT_TYPE) values (52267,'due-date','rebuttalReadDue',44,'12','employee_signed_date','add','Professional Faculty');
Insert into CONFIGURATIONS (ID,SECTION,NAME,SEQUENCE,VALUE,REFERENCE_POINT,ACTION,APPOINTMENT_TYPE) values (52438,'email-notification','firstGoalDueReminder',36,'35','start','subtract','Professional Faculty');
Insert into CONFIGURATIONS (ID,SECTION,NAME,SEQUENCE,VALUE,REFERENCE_POINT,ACTION,APPOINTMENT_TYPE) values (52439,'email-notification','firstResultDueReminder',37,'0','end','add','Professional Faculty');
Insert into CONFIGURATIONS (ID,SECTION,NAME,SEQUENCE,VALUE,REFERENCE_POINT,ACTION,APPOINTMENT_TYPE) values (53103,'email-notification','firstCompletionReminder',38,'60','end','add','Professional Faculty');
Insert into CONFIGURATIONS (ID,SECTION,NAME,SEQUENCE,VALUE,REFERENCE_POINT,ACTION,APPOINTMENT_TYPE) values (53104,'email-notification','secondCompletionReminder',39,'60','end','subtract','Professional Faculty');
Insert into CONFIGURATIONS (ID,SECTION,NAME,SEQUENCE,VALUE,REFERENCE_POINT,ACTION,APPOINTMENT_TYPE) values (49837,'configuration','daysBeforeArchive',15,'365',null,null,'Default');
Insert into CONFIGURATIONS (ID,SECTION,NAME,SEQUENCE,VALUE,REFERENCE_POINT,ACTION,APPOINTMENT_TYPE) values (40346,'classified-it-salary','IT-increase-rate2-below-control-value',1,'4.75',null,null,'Default');
Insert into CONFIGURATIONS (ID,SECTION,NAME,SEQUENCE,VALUE,REFERENCE_POINT,ACTION,APPOINTMENT_TYPE) values (40347,'classified-it-salary','IT-increase-rate1-below-control-min-value',3,'6',null,null,'Default');
Insert into CONFIGURATIONS (ID,SECTION,NAME,SEQUENCE,VALUE,REFERENCE_POINT,ACTION,APPOINTMENT_TYPE) values (40348,'classified-it-salary','IT-increase-rate1-below-control-max-value',4,'7.25',null,null,'Default');
Insert into CONFIGURATIONS (ID,SECTION,NAME,SEQUENCE,VALUE,REFERENCE_POINT,ACTION,APPOINTMENT_TYPE) values (40409,'classified-it-salary','IT-increase-withhold-warn1-days',7,'30','end','subtract','Default');
Insert into CONFIGURATIONS (ID,SECTION,NAME,SEQUENCE,VALUE,REFERENCE_POINT,ACTION,APPOINTMENT_TYPE) values (40410,'classified-it-salary','IT-increase-withhold-warn2-days',8,'15','end','subtract','Default');
Insert into CONFIGURATIONS (ID,SECTION,NAME,SEQUENCE,VALUE,REFERENCE_POINT,ACTION,APPOINTMENT_TYPE) values (52864,'configuration','enableProfessionalFaculty',17,'1','0',null,'Default');
Insert into CONFIGURATIONS (ID,SECTION,NAME,SEQUENCE,VALUE,REFERENCE_POINT,ACTION,APPOINTMENT_TYPE) values (558451,'email-notification','goalsOverdueFrequency',40,'-1',null,null,'Ranked Faculty');
Insert into CONFIGURATIONS (ID,SECTION,NAME,SEQUENCE,VALUE,REFERENCE_POINT,ACTION,APPOINTMENT_TYPE) values (558452,'email-notification','goalsApprovalOverdueFrequency',41,'-1',null,null,'Ranked Faculty');
Insert into CONFIGURATIONS (ID,SECTION,NAME,SEQUENCE,VALUE,REFERENCE_POINT,ACTION,APPOINTMENT_TYPE) values (558453,'email-notification','resultsOverdueFrequency',42,'-1',null,null,'Ranked Faculty');
Insert into CONFIGURATIONS (ID,SECTION,NAME,SEQUENCE,VALUE,REFERENCE_POINT,ACTION,APPOINTMENT_TYPE) values (558454,'email-notification','appraisalOverdueFrequency',43,'-1',null,null,'Ranked Faculty');
Insert into CONFIGURATIONS (ID,SECTION,NAME,SEQUENCE,VALUE,REFERENCE_POINT,ACTION,APPOINTMENT_TYPE) values (558455,'email-notification','releaseOverdueFrequency',44,'-1',null,null,'Ranked Faculty');
Insert into CONFIGURATIONS (ID,SECTION,NAME,SEQUENCE,VALUE,REFERENCE_POINT,ACTION,APPOINTMENT_TYPE) values (558456,'email-notification','signatureOverdueFrequency',45,'-1',null,null,'Ranked Faculty');
Insert into CONFIGURATIONS (ID,SECTION,NAME,SEQUENCE,VALUE,REFERENCE_POINT,ACTION,APPOINTMENT_TYPE) values (558457,'email-notification','rebuttalReadOverdueFrequency',46,'-1',null,null,'Ranked Faculty');
Insert into CONFIGURATIONS (ID,SECTION,NAME,SEQUENCE,VALUE,REFERENCE_POINT,ACTION,APPOINTMENT_TYPE) values (558458,'email-notification','goalsDueFrequency',47,'31',null,null,'Ranked Faculty');
Insert into CONFIGURATIONS (ID,SECTION,NAME,SEQUENCE,VALUE,REFERENCE_POINT,ACTION,APPOINTMENT_TYPE) values (558459,'email-notification','goalsApprovalDueFrequency',48,'200',null,null,'Ranked Faculty');
Insert into CONFIGURATIONS (ID,SECTION,NAME,SEQUENCE,VALUE,REFERENCE_POINT,ACTION,APPOINTMENT_TYPE) values (558460,'email-notification','resultsDueFrequency',49,'200',null,null,'Ranked Faculty');
Insert into CONFIGURATIONS (ID,SECTION,NAME,SEQUENCE,VALUE,REFERENCE_POINT,ACTION,APPOINTMENT_TYPE) values (558461,'email-notification','appraisalDueFrequency',50,'200',null,null,'Ranked Faculty');
Insert into CONFIGURATIONS (ID,SECTION,NAME,SEQUENCE,VALUE,REFERENCE_POINT,ACTION,APPOINTMENT_TYPE) values (558462,'email-notification','releaseDueFrequency',51,'200',null,null,'Ranked Faculty');
Insert into CONFIGURATIONS (ID,SECTION,NAME,SEQUENCE,VALUE,REFERENCE_POINT,ACTION,APPOINTMENT_TYPE) values (558463,'email-notification','signatureDueFrequency',52,'200',null,null,'Ranked Faculty');
Insert into CONFIGURATIONS (ID,SECTION,NAME,SEQUENCE,VALUE,REFERENCE_POINT,ACTION,APPOINTMENT_TYPE) values (558464,'email-notification','rebuttalReadDueFrequency',53,'200',null,null,'Ranked Faculty');
Insert into CONFIGURATIONS (ID,SECTION,NAME,SEQUENCE,VALUE,REFERENCE_POINT,ACTION,APPOINTMENT_TYPE) values (558465,'email-notification','firstGoalDueReminder',54,'35','start','subtract','Ranked Faculty');
Insert into CONFIGURATIONS (ID,SECTION,NAME,SEQUENCE,VALUE,REFERENCE_POINT,ACTION,APPOINTMENT_TYPE) values (558466,'email-notification','firstResultDueReminder',55,'0','end','add','Ranked Faculty');
Insert into CONFIGURATIONS (ID,SECTION,NAME,SEQUENCE,VALUE,REFERENCE_POINT,ACTION,APPOINTMENT_TYPE) values (558467,'email-notification','firstCompletionReminder',56,'60','end','add','Ranked Faculty');
Insert into CONFIGURATIONS (ID,SECTION,NAME,SEQUENCE,VALUE,REFERENCE_POINT,ACTION,APPOINTMENT_TYPE) values (558468,'email-notification','secondCompletionReminder',57,'60','end','subtract','Ranked Faculty');
Insert into CONFIGURATIONS (ID,SECTION,NAME,SEQUENCE,VALUE,REFERENCE_POINT,ACTION,APPOINTMENT_TYPE) values (558470,'due-date','goalsDue',45,'30','start','add','Ranked Faculty');
Insert into CONFIGURATIONS (ID,SECTION,NAME,SEQUENCE,VALUE,REFERENCE_POINT,ACTION,APPOINTMENT_TYPE) values (558471,'due-date','goalsReactivatedDue',46,'10','goals_reacitvate_date','add','Ranked Faculty');
Insert into CONFIGURATIONS (ID,SECTION,NAME,SEQUENCE,VALUE,REFERENCE_POINT,ACTION,APPOINTMENT_TYPE) values (558472,'due-date','goalsApprovalDue',47,'50','start','add','Ranked Faculty');
Insert into CONFIGURATIONS (ID,SECTION,NAME,SEQUENCE,VALUE,REFERENCE_POINT,ACTION,APPOINTMENT_TYPE) values (558473,'due-date','resultsDue',48,'30','end','add','Ranked Faculty');
Insert into CONFIGURATIONS (ID,SECTION,NAME,SEQUENCE,VALUE,REFERENCE_POINT,ACTION,APPOINTMENT_TYPE) values (558474,'due-date','appraisalDue',49,'45','end','add','Ranked Faculty');
Insert into CONFIGURATIONS (ID,SECTION,NAME,SEQUENCE,VALUE,REFERENCE_POINT,ACTION,APPOINTMENT_TYPE) values (558475,'due-date','employeeReviewDue',50,'60','end','add','Ranked Faculty');
Insert into CONFIGURATIONS (ID,SECTION,NAME,SEQUENCE,VALUE,REFERENCE_POINT,ACTION,APPOINTMENT_TYPE) values (558476,'due-date','releaseDue',51,'75','end','add','Ranked Faculty');
Insert into CONFIGURATIONS (ID,SECTION,NAME,SEQUENCE,VALUE,REFERENCE_POINT,ACTION,APPOINTMENT_TYPE) values (558477,'due-date','signatureDue',52,'90','end','add','Ranked Faculty');
Insert into CONFIGURATIONS (ID,SECTION,NAME,SEQUENCE,VALUE,REFERENCE_POINT,ACTION,APPOINTMENT_TYPE) values (558478,'due-date','rebuttalReadDue',53,'12','employee_signed_date','add','Ranked Faculty');

Insert into CRITERIA_AREAS (ID,NAME,APPOINTMENT_TYPE,ANCESTOR_ID,CREATE_DATE,CREATOR_PIDM,DELETE_DATE,DELETER_PIDM,DESCRIPTION) values (17,'Teamwork','Classified',null,STR_TO_DATE('26-JUL-11','%d-%M-%y'),1316625,STR_TO_DATE('07-MAR-13','%d-%M-%y'),1318622,'Cooperative effort to achieve common goals; ability to work well with others');
Insert into CRITERIA_AREAS (ID,NAME,APPOINTMENT_TYPE,ANCESTOR_ID,CREATE_DATE,CREATOR_PIDM,DELETE_DATE,DELETER_PIDM,DESCRIPTION) values (18,'Communication','Classified',null,STR_TO_DATE('26-JUL-11','%d-%M-%y'),1316625,STR_TO_DATE('30-JAN-14','%d-%M-%y'),1318622,'Constructively express and receive ideas, thoughts, and information through verbal, non-verbal, and written forms');
Insert into CRITERIA_AREAS (ID,NAME,APPOINTMENT_TYPE,ANCESTOR_ID,CREATE_DATE,CREATOR_PIDM,DELETE_DATE,DELETER_PIDM,DESCRIPTION) values (19,'Reliability/Dependability','Classified',null,STR_TO_DATE('26-JUL-11','%d-%M-%y'),1316625,STR_TO_DATE('30-JAN-14','%d-%M-%y'),1318622,'Consistently demonstrate accountability for actions; can be counted on to follow through and achieve results');
Insert into CRITERIA_AREAS (ID,NAME,APPOINTMENT_TYPE,ANCESTOR_ID,CREATE_DATE,CREATOR_PIDM,DELETE_DATE,DELETER_PIDM,DESCRIPTION) values (20,'Technical Skills','Classified',null,STR_TO_DATE('26-JUL-11','%d-%M-%y'),1316625,STR_TO_DATE('10-OCT-12','%d-%M-%y'),1318622,'Possess and demonstrate technical, general or other specific knowledge and skills required to perform job duties.');
Insert into CRITERIA_AREAS (ID,NAME,APPOINTMENT_TYPE,ANCESTOR_ID,CREATE_DATE,CREATOR_PIDM,DELETE_DATE,DELETER_PIDM,DESCRIPTION) values (36512,'Teamwork','Classified',17,STR_TO_DATE('07-MAR-13','%d-%M-%y'),1318622,STR_TO_DATE('30-JAN-14','%d-%M-%y'),1318622,'Cooperative effort to achieve common goals; ability to work well with others, it has been changed');
Insert into CRITERIA_AREAS (ID,NAME,APPOINTMENT_TYPE,ANCESTOR_ID,CREATE_DATE,CREATOR_PIDM,DELETE_DATE,DELETER_PIDM,DESCRIPTION) values (49801,'Leadership/Management','Classified',18,STR_TO_DATE('30-JAN-14','%d-%M-%y'),1318622,null,null,'Constructively express and receive ideas, thoughts, and information through verbal, non-verbal, and written forms');
Insert into CRITERIA_AREAS (ID,NAME,APPOINTMENT_TYPE,ANCESTOR_ID,CREATE_DATE,CREATOR_PIDM,DELETE_DATE,DELETER_PIDM,DESCRIPTION) values (49802,'Mentoring/Teamwork','Classified',19,STR_TO_DATE('30-JAN-14','%d-%M-%y'),1318622,null,null,'Consistently demonstrate accountability for actions; can be counted on to follow through and achieve results');
Insert into CRITERIA_AREAS (ID,NAME,APPOINTMENT_TYPE,ANCESTOR_ID,CREATE_DATE,CREATOR_PIDM,DELETE_DATE,DELETER_PIDM,DESCRIPTION) values (49803,'Communication','Classified',36512,STR_TO_DATE('30-JAN-14','%d-%M-%y'),1318622,STR_TO_DATE('28-FEB-14','%d-%M-%y'),1318622,'Cooperative effort to achieve common goals; ability to work well with others, it has been changed');
Insert into CRITERIA_AREAS (ID,NAME,APPOINTMENT_TYPE,ANCESTOR_ID,CREATE_DATE,CREATOR_PIDM,DELETE_DATE,DELETER_PIDM,DESCRIPTION) values (49804,'Service/Outreach/Advising','Classified',36514,STR_TO_DATE('30-JAN-14','%d-%M-%y'),1318622,null,null,'Just for test, it has been changed twice');
Insert into CRITERIA_AREAS (ID,NAME,APPOINTMENT_TYPE,ANCESTOR_ID,CREATE_DATE,CREATOR_PIDM,DELETE_DATE,DELETER_PIDM,DESCRIPTION) values (49805,'Social Responsibility/Collegiality','Classified',36511,STR_TO_DATE('30-JAN-14','%d-%M-%y'),1318622,null,null,'Text for test 2');
Insert into CRITERIA_AREAS (ID,NAME,APPOINTMENT_TYPE,ANCESTOR_ID,CREATE_DATE,CREATOR_PIDM,DELETE_DATE,DELETER_PIDM,DESCRIPTION) values (49806,'Professional/Technical Competency','Classified',null,STR_TO_DATE('30-JAN-14','%d-%M-%y'),1318622,null,null,'demo');
Insert into CRITERIA_AREAS (ID,NAME,APPOINTMENT_TYPE,ANCESTOR_ID,CREATE_DATE,CREATOR_PIDM,DELETE_DATE,DELETER_PIDM,DESCRIPTION) values (591706,'COLLEGIALITY / TEAMWORK','Professional Faculty',null,STR_TO_DATE('08-DEC-15','%d-%M-%y'),1318622,null,null,'Collegiality: Fosters open communication and builds trusting relationships; contributes to an open and transparent work environment, being accessible, cooperative and accountable; treat all with civility, dignity and respect; values diversity and inclusivity; projects a position and positive and professional image.

Teamwork: The spectrum of teamwork activities includes commitment and cooperation to achieving common goals through effective and productive relationships within and beyond the unit.  Teamwork appreciates diversity and fosters cooperation while understanding the roles, responsibilities, and expertise of individuals relative to varying goals and projects.');
Insert into CRITERIA_AREAS (ID,NAME,APPOINTMENT_TYPE,ANCESTOR_ID,CREATE_DATE,CREATOR_PIDM,DELETE_DATE,DELETER_PIDM,DESCRIPTION) values (50421,'Communication','Classified',49803,STR_TO_DATE('28-FEB-14','%d-%M-%y'),1318622,STR_TO_DATE('10-MAR-14','%d-%M-%y'),1318622,'Cooperative effort to achieve common goals; ability to work well with others, it has been changed. - Edited');
Insert into CRITERIA_AREAS (ID,NAME,APPOINTMENT_TYPE,ANCESTOR_ID,CREATE_DATE,CREATOR_PIDM,DELETE_DATE,DELETER_PIDM,DESCRIPTION) values (47119,'Communication','Classified IT',null,STR_TO_DATE('16-SEP-13','%d-%M-%y'),1318622,null,null,'Constructively express and receive ideas, thoughts, and information through verbal, non-verbal, and written forms');
Insert into CRITERIA_AREAS (ID,NAME,APPOINTMENT_TYPE,ANCESTOR_ID,CREATE_DATE,CREATOR_PIDM,DELETE_DATE,DELETER_PIDM,DESCRIPTION) values (47120,'Reliability/Dependability','Classified IT',null,STR_TO_DATE('16-SEP-13','%d-%M-%y'),1318622,null,null,'Consistently demonstrate accountability for actions; can be counted on to follow through and achieve results');
Insert into CRITERIA_AREAS (ID,NAME,APPOINTMENT_TYPE,ANCESTOR_ID,CREATE_DATE,CREATOR_PIDM,DELETE_DATE,DELETER_PIDM,DESCRIPTION) values (47121,'Teamwork','Classified IT',null,STR_TO_DATE('16-SEP-13','%d-%M-%y'),1318622,null,null,'Cooperative effort to achieve common goals; ability to work well with others, it has been changed');
Insert into CRITERIA_AREAS (ID,NAME,APPOINTMENT_TYPE,ANCESTOR_ID,CREATE_DATE,CREATOR_PIDM,DELETE_DATE,DELETER_PIDM,DESCRIPTION) values (50549,'Communication','Classified',50421,STR_TO_DATE('10-MAR-14','%d-%M-%y'),1318622,null,null,'Cooperative effort to achieve common goals; ability to work well with others, it has been changed.');
Insert into CRITERIA_AREAS (ID,NAME,APPOINTMENT_TYPE,ANCESTOR_ID,CREATE_DATE,CREATOR_PIDM,DELETE_DATE,DELETER_PIDM,DESCRIPTION) values (591704,'LEADERSHIP','Professional Faculty',null,STR_TO_DATE('08-DEC-15','%d-%M-%y'),1318622,null,null,'The spectrum of activities including setting direction and supporting the accomplishment of vision, values, and purpose.  Leadership effectively communicates while embracing, supporting and influencing a culture of innovation.  Leadership contributes to team building, goal setting and leveraging members’ strengths and unique abilities.');
Insert into CRITERIA_AREAS (ID,NAME,APPOINTMENT_TYPE,ANCESTOR_ID,CREATE_DATE,CREATOR_PIDM,DELETE_DATE,DELETER_PIDM,DESCRIPTION) values (591705,'MANAGEMENT','Professional Faculty',null,STR_TO_DATE('08-DEC-15','%d-%M-%y'),1318622,null,null,'The spectrum of activities including strategic, fiduciary, and supervisory planning, implementation, and decision making responsibilities.  Management engages in effective communication, setting priorities, using resources to obtain desired results, achieving efficiency, productivity and ensuring compliance with policies and procedures.  Management ensures assessment, monitors variable conditions, and promotes best practices in areas of subject matter expertise to adopt, create, and encourage innovation.');
Insert into CRITERIA_AREAS (ID,NAME,APPOINTMENT_TYPE,ANCESTOR_ID,CREATE_DATE,CREATOR_PIDM,DELETE_DATE,DELETER_PIDM,DESCRIPTION) values (558904,'LEADERSHIP','Ranked Faculty',null,STR_TO_DATE('01-JUL-15','%d-%M-%y'),1318622,null,null,'The spectrum of activities including setting direction and supporting the accomplishment of vision, values, and purpose.  Leadership effectively communicates while embracing, supporting and influencing a culture of innovation.  Leadership contributes to team building, goal setting and leveraging members’ strengths and unique abilities.');
Insert into CRITERIA_AREAS (ID,NAME,APPOINTMENT_TYPE,ANCESTOR_ID,CREATE_DATE,CREATOR_PIDM,DELETE_DATE,DELETER_PIDM,DESCRIPTION) values (558905,'MANAGEMENT','Classified',null,STR_TO_DATE('01-JUL-15','%d-%M-%y'),1318622,STR_TO_DATE('01-JUL-15','%d-%M-%y'),1318622,'The spectrum of activities including strategic, fiduciary, and supervisory planning, implementation, and decision making responsibilities.  Management engages in effective communication, setting priorities, using resources to obtain desired results, achieving efficiency, productivity and ensuring compliance with policies and procedures.  Management ensures assessment, monitors variable conditions, and promotes best practices in areas of subject matter expertise to adopt, create, and encourage innovation.');
Insert into CRITERIA_AREAS (ID,NAME,APPOINTMENT_TYPE,ANCESTOR_ID,CREATE_DATE,CREATOR_PIDM,DELETE_DATE,DELETER_PIDM,DESCRIPTION) values (558906,'MANAGEMENT','Ranked Faculty',null,STR_TO_DATE('01-JUL-15','%d-%M-%y'),1318622,null,null,'The spectrum of activities including strategic, fiduciary, and supervisory planning, implementation, and decision making responsibilities.  Management engages in effective communication, setting priorities, using resources to obtain desired results, achieving efficiency, productivity and ensuring compliance with policies and procedures.  Management ensures assessment, monitors variable conditions, and promotes best practices in areas of subject matter expertise to adopt, create, and encourage innovation.');
Insert into CRITERIA_AREAS (ID,NAME,APPOINTMENT_TYPE,ANCESTOR_ID,CREATE_DATE,CREATOR_PIDM,DELETE_DATE,DELETER_PIDM,DESCRIPTION) values (558907,'COLLEGIALITY / TEAMWORK','Classified',null,STR_TO_DATE('01-JUL-15','%d-%M-%y'),1318622,STR_TO_DATE('01-JUL-15','%d-%M-%y'),1318622,'Collegiality: Fosters open communication and builds trusting relationships; contributes to an open and transparent work environment, being accessible, cooperative and accountable; treat all with civility, dignity and respect; values diversity and inclusivity; projects a position and positive and professional image.

Teamwork: The spectrum of teamwork activities includes commitment and cooperation to achieving common goals through effective and productive relationships within and beyond the unit.  Teamwork appreciates diversity and fosters cooperation while understanding the roles, responsibilities, and expertise of individuals relative to varying goals and projects.');
Insert into CRITERIA_AREAS (ID,NAME,APPOINTMENT_TYPE,ANCESTOR_ID,CREATE_DATE,CREATOR_PIDM,DELETE_DATE,DELETER_PIDM,DESCRIPTION) values (558908,'COLLEGIALITY / TEAMWORK','Ranked Faculty',null,STR_TO_DATE('01-JUL-15','%d-%M-%y'),1318622,null,null,'Collegiality: Fosters open communication and builds trusting relationships; contributes to an open and transparent work environment, being accessible, cooperative and accountable; treat all with civility, dignity and respect; values diversity and inclusivity; projects a position and positive and professional image.

Teamwork: The spectrum of teamwork activities includes commitment and cooperation to achieving common goals through effective and productive relationships within and beyond the unit.  Teamwork appreciates diversity and fosters cooperation while understanding the roles, responsibilities, and expertise of individuals relative to varying goals and projects.');
Insert into CRITERIA_AREAS (ID,NAME,APPOINTMENT_TYPE,ANCESTOR_ID,CREATE_DATE,CREATOR_PIDM,DELETE_DATE,DELETER_PIDM,DESCRIPTION) values (558909,'COMMUNICATION','Ranked Faculty',null,STR_TO_DATE('01-JUL-15','%d-%M-%y'),1318622,null,null,'Discipline of communication:  The art of exchanging ideas, thoughts, feelings, or the like through speech, gestures, or writing.  Elements of the discipline of communication include:

    Speech:  Speaking face-to-face or via electronic media to individuals or groups, may include conversations, discussions, and presentations and being appropriate for the audience.
    Listening:  Giving full attention as others speak, not interrupting; applying active listening skills, showing empathy and being responsive
    Giving and Receiving Feedback
    Nonverbal:  Managing body language, gestures, and facial expressions to match intent and meaning of speech.
    Written:  Consistently using correct grammar, spelling, and punctuation; avoiding acronyms and jargon, writing for clarity and conciseness with the intended audience understanding intent and meaning.
    Communication Medium - Selects the appropriate communication method:  email, text, telephone, meeting, private conversation, video conferencing, webinar.

Interpersonal Communication:  The action and interplay between people and is relational and social in nature.  Aspects of interpersonal communication may include:

    Keeping others informed: Consistently providing updates and notices of upcoming issues; keeping calendars/schedules current and transparent.
    Practicing diplomacy and employing influence and civility to build relationships.
    Advising:   Providing counseling and advising support, direction, feedback, critique, referral and guidance to individuals and groups in a nurturing, safe, challenging, and supportive environment.
    Mentoring:  Fostering a trusting, respectful relationship for sharing historical content or expertise with others to promote their success and growth.');
Insert into CRITERIA_AREAS (ID,NAME,APPOINTMENT_TYPE,ANCESTOR_ID,CREATE_DATE,CREATOR_PIDM,DELETE_DATE,DELETER_PIDM,DESCRIPTION) values (558910,'SOCIAL RESPONSIBILITY / SERVICE / OUTREACH','Ranked Faculty',null,STR_TO_DATE('01-JUL-15','%d-%M-%y'),1318622,null,null,'Social Responsibility:  Exhibits societal awareness and responds to social concerns and problems; understands diverse perspectives; acts as a good citizen and public steward; oriented to problem solving; applies and integrates ethical and moral standards.

Service:  Supports the University’s commitment to making contributions to society’s intellectual, cultural, spiritual, and economic progress and well-being through an imaginative understanding of customer’s perceived needs demonstrated through effective involvement and interaction.

Outreach:   Leading reciprocal community engagement, and the interchange of information, resources, and knowledge as a representative of OSU to the state’s public and communities.');
Insert into CRITERIA_AREAS (ID,NAME,APPOINTMENT_TYPE,ANCESTOR_ID,CREATE_DATE,CREATOR_PIDM,DELETE_DATE,DELETER_PIDM,DESCRIPTION) values (558911,'PROFESSIONAL / TECHNICAL COMPETENCY','Ranked Faculty',null,STR_TO_DATE('01-JUL-15','%d-%M-%y'),1318622,null,null,'Possessing and demonstrating technical, professional, general and other specific knowledge and skills required to perform one’s job duties while maintaining a commitment to excellence.');
Insert into CRITERIA_AREAS (ID,NAME,APPOINTMENT_TYPE,ANCESTOR_ID,CREATE_DATE,CREATOR_PIDM,DELETE_DATE,DELETER_PIDM,DESCRIPTION) values (558912,'BUSINESS DRIVERS/RESULTS','Ranked Faculty',null,STR_TO_DATE('01-JUL-15','%d-%M-%y'),1318622,null,null,'A specific deliverable or result related to unit objectives for which the employee is directly responsible and accountable.  Business drivers for these deliverables may include organizational principles, values, business plan(s), strategy, vision, mission, and change.');
Insert into CRITERIA_AREAS (ID,NAME,APPOINTMENT_TYPE,ANCESTOR_ID,CREATE_DATE,CREATOR_PIDM,DELETE_DATE,DELETER_PIDM,DESCRIPTION) values (591707,'COMMUNICATION','Professional Faculty',null,STR_TO_DATE('08-DEC-15','%d-%M-%y'),1318622,null,null,'Discipline of communication:  The art of exchanging ideas, thoughts, feelings, or the like through speech, gestures, or writing.  Elements of the discipline of communication include:

Speech:  Speaking face-to-face or via electronic media to individuals or groups, may include conversations, discussions, and presentations and being appropriate for the audience.
Listening:  Giving full attention as others speak, not interrupting; applying active listening skills, showing empathy and being responsive
Giving and Receiving Feedback
Nonverbal:  Managing body language, gestures, and facial expressions to match intent and meaning of speech.
Written:  Consistently using correct grammar, spelling, and punctuation; avoiding acronyms and jargon, writing for clarity and conciseness with the intended audience understanding intent and meaning.
Communication Medium - Selects the appropriate communication method:  email, text, telephone, meeting, private conversation, video conferencing, webinar.
Interpersonal Communication:  The action and interplay between people and is relational and social in nature.  Aspects of interpersonal communication may include:

Keeping others informed: Consistently providing updates and notices of upcoming issues; keeping calendars/schedules current and transparent.
Practicing diplomacy and employing influence and civility to build relationships.
Advising:   Providing counseling and advising support, direction, feedback, critique, referral and guidance to individuals and groups in a nurturing, safe, challenging, and supportive environment.
Mentoring:  Fostering a trusting, respectful relationship for sharing historical content or expertise with others to promote their success and growth.');
Insert into CRITERIA_AREAS (ID,NAME,APPOINTMENT_TYPE,ANCESTOR_ID,CREATE_DATE,CREATOR_PIDM,DELETE_DATE,DELETER_PIDM,DESCRIPTION) values (591708,'SOCIAL RESPONSIBILITY / SERVICE / OUTREACH','Professional Faculty',null,STR_TO_DATE('08-DEC-15','%d-%M-%y'),1318622,null,null,'Social Responsibility:  Exhibits societal awareness and responds to social concerns and problems; understands diverse perspectives; acts as a good citizen and public steward; oriented to problem solving; applies and integrates ethical and moral standards.

Service:  Supports the University’s commitment to making contributions to society’s intellectual, cultural, spiritual, and economic progress and well-being through an imaginative understanding of customer’s perceived needs demonstrated through effective involvement and interaction.

Outreach:   Leading reciprocal community engagement, and the interchange of information, resources, and knowledge as a representative of OSU to the state’s public and communities.');
Insert into CRITERIA_AREAS (ID,NAME,APPOINTMENT_TYPE,ANCESTOR_ID,CREATE_DATE,CREATOR_PIDM,DELETE_DATE,DELETER_PIDM,DESCRIPTION) values (591709,'PROFESSIONAL / TECHNICAL COMPETENCY','Professional Faculty',null,STR_TO_DATE('08-DEC-15','%d-%M-%y'),1318622,null,null,'Possessing and demonstrating technical, professional, general and other specific knowledge and skills required to perform one’s job duties while maintaining a commitment to excellence.');
Insert into CRITERIA_AREAS (ID,NAME,APPOINTMENT_TYPE,ANCESTOR_ID,CREATE_DATE,CREATOR_PIDM,DELETE_DATE,DELETER_PIDM,DESCRIPTION) values (591710,'BUSINESS DRIVERS/RESULTS','Professional Faculty',null,STR_TO_DATE('08-DEC-15','%d-%M-%y'),1318622,null,null,'A specific deliverable or result related to unit objectives for which the employee is directly responsible and accountable.  Business drivers for these deliverables may include organizational principles, values, business plan(s), strategy, vision, mission, and change.');
Insert into CRITERIA_AREAS (ID,NAME,APPOINTMENT_TYPE,ANCESTOR_ID,CREATE_DATE,CREATOR_PIDM,DELETE_DATE,DELETER_PIDM,DESCRIPTION) values (599625,'chrome criteria','Classified',null,STR_TO_DATE('17-NOV-16','%d-%M-%y'),1318622,STR_TO_DATE('17-NOV-16','%d-%M-%y'),1318622,'chrome description');
Insert into CRITERIA_AREAS (ID,NAME,APPOINTMENT_TYPE,ANCESTOR_ID,CREATE_DATE,CREATOR_PIDM,DELETE_DATE,DELETER_PIDM,DESCRIPTION) values (599626,'chrome criteria 2','Classified',599625,STR_TO_DATE('17-NOV-16','%d-%M-%y'),1318622,STR_TO_DATE('17-NOV-16','%d-%M-%y'),1318622,'chrome description');
Insert into CRITERIA_AREAS (ID,NAME,APPOINTMENT_TYPE,ANCESTOR_ID,CREATE_DATE,CREATOR_PIDM,DELETE_DATE,DELETER_PIDM,DESCRIPTION) values (599635,'safari','Classified',null,STR_TO_DATE('17-NOV-16','%d-%M-%y'),1318622,STR_TO_DATE('17-NOV-16','%d-%M-%y'),1318622,'safari desc');
Insert into CRITERIA_AREAS (ID,NAME,APPOINTMENT_TYPE,ANCESTOR_ID,CREATE_DATE,CREATOR_PIDM,DELETE_DATE,DELETER_PIDM,DESCRIPTION) values (599639,'IE criteria','Ranked Faculty',null,STR_TO_DATE('17-NOV-16','%d-%M-%y'),1318622,STR_TO_DATE('17-NOV-16','%d-%M-%y'),1318622,'IE descrition');
Insert into CRITERIA_AREAS (ID,NAME,APPOINTMENT_TYPE,ANCESTOR_ID,CREATE_DATE,CREATOR_PIDM,DELETE_DATE,DELETER_PIDM,DESCRIPTION) values (599640,'IE criteria','Ranked Faculty',599639,STR_TO_DATE('17-NOV-16','%d-%M-%y'),1318622,STR_TO_DATE('17-NOV-16','%d-%M-%y'),1318622,'IE descrition 2');
Insert into CRITERIA_AREAS (ID,NAME,APPOINTMENT_TYPE,ANCESTOR_ID,CREATE_DATE,CREATOR_PIDM,DELETE_DATE,DELETER_PIDM,DESCRIPTION) values (625534,'Non-Relevant Skills','Classified',null,STR_TO_DATE('23-NOV-16','%d-%M-%y'),1318622,null,null,'Skills that aren''t relevant to your job whatsoever, like singing or banjo playing');
Insert into CRITERIA_AREAS (ID,NAME,APPOINTMENT_TYPE,ANCESTOR_ID,CREATE_DATE,CREATOR_PIDM,DELETE_DATE,DELETER_PIDM,DESCRIPTION) values (599264,'new rank criteria','Ranked Faculty',null,STR_TO_DATE('03-NOV-16','%d-%M-%y'),1318634,STR_TO_DATE('03-NOV-16','%d-%M-%y'),1318634,'new rank criteria description');
Insert into CRITERIA_AREAS (ID,NAME,APPOINTMENT_TYPE,ANCESTOR_ID,CREATE_DATE,CREATOR_PIDM,DELETE_DATE,DELETER_PIDM,DESCRIPTION) values (599265,'new prof criteria','Professional Faculty',null,STR_TO_DATE('03-NOV-16','%d-%M-%y'),1318634,STR_TO_DATE('03-NOV-16','%d-%M-%y'),1318634,'new prof criteria desc');
Insert into CRITERIA_AREAS (ID,NAME,APPOINTMENT_TYPE,ANCESTOR_ID,CREATE_DATE,CREATOR_PIDM,DELETE_DATE,DELETER_PIDM,DESCRIPTION) values (599266,'new prof criteria','Professional Faculty',599265,STR_TO_DATE('03-NOV-16','%d-%M-%y'),1318634,STR_TO_DATE('03-NOV-16','%d-%M-%y'),1318634,'new prof criteria desc 2');
Insert into CRITERIA_AREAS (ID,NAME,APPOINTMENT_TYPE,ANCESTOR_ID,CREATE_DATE,CREATOR_PIDM,DELETE_DATE,DELETER_PIDM,DESCRIPTION) values (599267,'new class criteria','Classified',null,STR_TO_DATE('03-NOV-16','%d-%M-%y'),1318634,STR_TO_DATE('03-NOV-16','%d-%M-%y'),1318634,'new class criteria desc');
Insert into CRITERIA_AREAS (ID,NAME,APPOINTMENT_TYPE,ANCESTOR_ID,CREATE_DATE,CREATOR_PIDM,DELETE_DATE,DELETER_PIDM,DESCRIPTION) values (599268,'new class it criteria','Classified IT',null,STR_TO_DATE('03-NOV-16','%d-%M-%y'),1318634,STR_TO_DATE('07-NOV-16','%d-%M-%y'),1318622,'new class it criteria desc');
Insert into CRITERIA_AREAS (ID,NAME,APPOINTMENT_TYPE,ANCESTOR_ID,CREATE_DATE,CREATOR_PIDM,DELETE_DATE,DELETER_PIDM,DESCRIPTION) values (599632,'safari','Classified IT',null,STR_TO_DATE('17-NOV-16','%d-%M-%y'),1318622,STR_TO_DATE('17-NOV-16','%d-%M-%y'),1318622,'safari desc');
Insert into CRITERIA_AREAS (ID,NAME,APPOINTMENT_TYPE,ANCESTOR_ID,CREATE_DATE,CREATOR_PIDM,DELETE_DATE,DELETER_PIDM,DESCRIPTION) values (599633,'safari','Classified IT',599632,STR_TO_DATE('17-NOV-16','%d-%M-%y'),1318622,STR_TO_DATE('17-NOV-16','%d-%M-%y'),1318622,'safari desc2');

Insert into EMAIL_TYPES (TYPE,MAILTO,CC,BCC) values ('goalsDue','employee',null,null);
Insert into EMAIL_TYPES (TYPE,MAILTO,CC,BCC) values ('goalsOverdue','employee','supervisor',null);
Insert into EMAIL_TYPES (TYPE,MAILTO,CC,BCC) values ('goalsRequiredModification','employee',null,null);
Insert into EMAIL_TYPES (TYPE,MAILTO,CC,BCC) values ('goalsApprovalDue','supervisor',null,null);
Insert into EMAIL_TYPES (TYPE,MAILTO,CC,BCC) values ('goalsApprovalOverdue','supervisor',null,null);
Insert into EMAIL_TYPES (TYPE,MAILTO,CC,BCC) values ('goalsApproved','employee',null,null);
Insert into EMAIL_TYPES (TYPE,MAILTO,CC,BCC) values ('goalsReactivated','employee',null,null);
Insert into EMAIL_TYPES (TYPE,MAILTO,CC,BCC) values ('resultsDue','employee',null,null);
Insert into EMAIL_TYPES (TYPE,MAILTO,CC,BCC) values ('resultsOverdue','employee','supervisor',null);
Insert into EMAIL_TYPES (TYPE,MAILTO,CC,BCC) values ('appraisalDue','supervisor',null,null);
Insert into EMAIL_TYPES (TYPE,MAILTO,CC,BCC) values ('appraisalOverdue','supervisor',null,null);
Insert into EMAIL_TYPES (TYPE,MAILTO,CC,BCC) values ('releaseDue','supervisor',null,null);
Insert into EMAIL_TYPES (TYPE,MAILTO,CC,BCC) values ('releaseOverdue','supervisor',null,null);
Insert into EMAIL_TYPES (TYPE,MAILTO,CC,BCC) values ('signatureDue','employee',null,null);
Insert into EMAIL_TYPES (TYPE,MAILTO,CC,BCC) values ('signatureOverdue','employee',null,null);
Insert into EMAIL_TYPES (TYPE,MAILTO,CC,BCC) values ('rebuttalReadDue','supervisor','reviewer',null);
Insert into EMAIL_TYPES (TYPE,MAILTO,CC,BCC) values ('rebuttalReadOverdue','supervisor',null,null);
Insert into EMAIL_TYPES (TYPE,MAILTO,CC,BCC) values ('completed','employee','supervisor',null);
Insert into EMAIL_TYPES (TYPE,MAILTO,CC,BCC) values ('closed','employee','supervisor',null);
Insert into EMAIL_TYPES (TYPE,MAILTO,CC,BCC) values ('rebuttalRead','employee',null,null);
Insert into EMAIL_TYPES (TYPE,MAILTO,CC,BCC) values ('jobTerminated','supervisor',null,null);
Insert into EMAIL_TYPES (TYPE,MAILTO,CC,BCC) values ('employeeReviewDue','employee',null,null);
Insert into EMAIL_TYPES (TYPE,MAILTO,CC,BCC) values ('goalsReactivationRequested','supervisor',null,null);
Insert into EMAIL_TYPES (TYPE,MAILTO,CC,BCC) values ('firstCompletionReminder','supervisor',null,null);
Insert into EMAIL_TYPES (TYPE,MAILTO,CC,BCC) values ('secondCompletionReminder','supervisor',null,null);
Insert into EMAIL_TYPES (TYPE,MAILTO,CC,BCC) values ('goalsReactivationProcessTimeout','employee','supervisor',null);
Insert into EMAIL_TYPES (TYPE,MAILTO,CC,BCC) values ('lateReportOHR','admins',null,null);
Insert into EMAIL_TYPES (TYPE,MAILTO,CC,BCC) values ('lateReportAABC','reviewer',null,null);
Insert into EMAIL_TYPES (TYPE,MAILTO,CC,BCC) values ('lateReportAMBC','reviewer',null,null);
Insert into EMAIL_TYPES (TYPE,MAILTO,CC,BCC) values ('lateReportASBC','reviewer',null,null);
Insert into EMAIL_TYPES (TYPE,MAILTO,CC,BCC) values ('lateReportBEBC','reviewer',null,null);
Insert into EMAIL_TYPES (TYPE,MAILTO,CC,BCC) values ('lateReportCCBO','reviewer',null,null);
Insert into EMAIL_TYPES (TYPE,MAILTO,CC,BCC) values ('lateReportFOBC','reviewer',null,null);
Insert into EMAIL_TYPES (TYPE,MAILTO,CC,BCC) values ('lateReportHSBC','reviewer',null,null);
Insert into EMAIL_TYPES (TYPE,MAILTO,CC,BCC) values ('lateReportUABC','reviewer',null,null);
Insert into EMAIL_TYPES (TYPE,MAILTO,CC,BCC) values ('signatureDueNotRated','upper supervisor',null,null);
Insert into EMAIL_TYPES (TYPE,MAILTO,CC,BCC) values ('classifiedITNoIncrease','supervisor',null,null);
Insert into EMAIL_TYPES (TYPE,MAILTO,CC,BCC) values ('goalsReactivatedTimeout','employee','supervisor',null);
Insert into EMAIL_TYPES (TYPE,MAILTO,CC,BCC) values ('goalsReactivationRequestedTimeout','employee','supervisor',null);
Insert into EMAIL_TYPES (TYPE,MAILTO,CC,BCC) values ('goalsReactivationDenied','employee','null',null);
Insert into EMAIL_TYPES (TYPE,MAILTO,CC,BCC) values ('employeeReviewExpired','supervisor','employee',null);

Insert into PERMISSION_RULES (ID,STATUS,ROLE,APPROVED_GOALS,UNAPPROVED_GOALS,GOAL_COMMENTS,RESULTS,SUPERVISOR_RESULTS,EVALUATION,REVIEW,EMPLOYEE_RESPONSE,REBUTTAL_READ,SECONDARY_SUBMIT,SUBMIT,ACTION_REQUIRED,DOWNLOAD_PDF,CLOSEOUT,SEND_TO_NOLIJ,SET_STATUS_TO_RESULTS_DUE,REACTIVATE_GOALS,APPOINTMENT_TYPE) values (19,'appraisalDue','employee','v',null,null,'v',null,null,null,null,null,null,null,null,'y',null,null,null,null,'Default');
Insert into PERMISSION_RULES (ID,STATUS,ROLE,APPROVED_GOALS,UNAPPROVED_GOALS,GOAL_COMMENTS,RESULTS,SUPERVISOR_RESULTS,EVALUATION,REVIEW,EMPLOYEE_RESPONSE,REBUTTAL_READ,SECONDARY_SUBMIT,SUBMIT,ACTION_REQUIRED,DOWNLOAD_PDF,CLOSEOUT,SEND_TO_NOLIJ,SET_STATUS_TO_RESULTS_DUE,REACTIVATE_GOALS,APPOINTMENT_TYPE) values (20,'appraisalDue','supervisor','v',null,null,'v','e','e',null,null,null,null,'submit-appraisal','action-required-appraisal-due','y',null,null,null,null,'Default');
Insert into PERMISSION_RULES (ID,STATUS,ROLE,APPROVED_GOALS,UNAPPROVED_GOALS,GOAL_COMMENTS,RESULTS,SUPERVISOR_RESULTS,EVALUATION,REVIEW,EMPLOYEE_RESPONSE,REBUTTAL_READ,SECONDARY_SUBMIT,SUBMIT,ACTION_REQUIRED,DOWNLOAD_PDF,CLOSEOUT,SEND_TO_NOLIJ,SET_STATUS_TO_RESULTS_DUE,REACTIVATE_GOALS,APPOINTMENT_TYPE) values (53,'appraisalDue','upper-supervisor','v',null,null,'v',null,null,null,null,null,null,null,null,'y',null,null,null,null,'Default');
Insert into PERMISSION_RULES (ID,STATUS,ROLE,APPROVED_GOALS,UNAPPROVED_GOALS,GOAL_COMMENTS,RESULTS,SUPERVISOR_RESULTS,EVALUATION,REVIEW,EMPLOYEE_RESPONSE,REBUTTAL_READ,SECONDARY_SUBMIT,SUBMIT,ACTION_REQUIRED,DOWNLOAD_PDF,CLOSEOUT,SEND_TO_NOLIJ,SET_STATUS_TO_RESULTS_DUE,REACTIVATE_GOALS,APPOINTMENT_TYPE) values (54,'appraisalDue','admin','v',null,null,'v',null,null,null,null,null,null,null,null,'y','y',null,null,null,'Default');
Insert into PERMISSION_RULES (ID,STATUS,ROLE,APPROVED_GOALS,UNAPPROVED_GOALS,GOAL_COMMENTS,RESULTS,SUPERVISOR_RESULTS,EVALUATION,REVIEW,EMPLOYEE_RESPONSE,REBUTTAL_READ,SECONDARY_SUBMIT,SUBMIT,ACTION_REQUIRED,DOWNLOAD_PDF,CLOSEOUT,SEND_TO_NOLIJ,SET_STATUS_TO_RESULTS_DUE,REACTIVATE_GOALS,APPOINTMENT_TYPE) values (55,'appraisalDue','reviewer','v',null,null,'v',null,null,null,null,null,null,null,null,'y','y',null,null,null,'Default');
Insert into PERMISSION_RULES (ID,STATUS,ROLE,APPROVED_GOALS,UNAPPROVED_GOALS,GOAL_COMMENTS,RESULTS,SUPERVISOR_RESULTS,EVALUATION,REVIEW,EMPLOYEE_RESPONSE,REBUTTAL_READ,SECONDARY_SUBMIT,SUBMIT,ACTION_REQUIRED,DOWNLOAD_PDF,CLOSEOUT,SEND_TO_NOLIJ,SET_STATUS_TO_RESULTS_DUE,REACTIVATE_GOALS,APPOINTMENT_TYPE) values (50,'closed','employee','v',null,null,'v',null,null,null,null,null,null,null,null,'y',null,null,null,null,'Default');
Insert into PERMISSION_RULES (ID,STATUS,ROLE,APPROVED_GOALS,UNAPPROVED_GOALS,GOAL_COMMENTS,RESULTS,SUPERVISOR_RESULTS,EVALUATION,REVIEW,EMPLOYEE_RESPONSE,REBUTTAL_READ,SECONDARY_SUBMIT,SUBMIT,ACTION_REQUIRED,DOWNLOAD_PDF,CLOSEOUT,SEND_TO_NOLIJ,SET_STATUS_TO_RESULTS_DUE,REACTIVATE_GOALS,APPOINTMENT_TYPE) values (51,'closed','supervisor','v',null,null,null,'v',null,null,null,null,null,null,null,'y',null,null,null,null,'Default');
Insert into PERMISSION_RULES (ID,STATUS,ROLE,APPROVED_GOALS,UNAPPROVED_GOALS,GOAL_COMMENTS,RESULTS,SUPERVISOR_RESULTS,EVALUATION,REVIEW,EMPLOYEE_RESPONSE,REBUTTAL_READ,SECONDARY_SUBMIT,SUBMIT,ACTION_REQUIRED,DOWNLOAD_PDF,CLOSEOUT,SEND_TO_NOLIJ,SET_STATUS_TO_RESULTS_DUE,REACTIVATE_GOALS,APPOINTMENT_TYPE) values (52,'closed','reviewer','v',null,null,null,null,null,null,null,null,null,null,null,'y',null,null,null,null,'Default');
Insert into PERMISSION_RULES (ID,STATUS,ROLE,APPROVED_GOALS,UNAPPROVED_GOALS,GOAL_COMMENTS,RESULTS,SUPERVISOR_RESULTS,EVALUATION,REVIEW,EMPLOYEE_RESPONSE,REBUTTAL_READ,SECONDARY_SUBMIT,SUBMIT,ACTION_REQUIRED,DOWNLOAD_PDF,CLOSEOUT,SEND_TO_NOLIJ,SET_STATUS_TO_RESULTS_DUE,REACTIVATE_GOALS,APPOINTMENT_TYPE) values (59,'closed','upper-supervisor','v',null,null,null,null,null,null,null,null,null,null,null,'y',null,null,null,null,'Default');
Insert into PERMISSION_RULES (ID,STATUS,ROLE,APPROVED_GOALS,UNAPPROVED_GOALS,GOAL_COMMENTS,RESULTS,SUPERVISOR_RESULTS,EVALUATION,REVIEW,EMPLOYEE_RESPONSE,REBUTTAL_READ,SECONDARY_SUBMIT,SUBMIT,ACTION_REQUIRED,DOWNLOAD_PDF,CLOSEOUT,SEND_TO_NOLIJ,SET_STATUS_TO_RESULTS_DUE,REACTIVATE_GOALS,APPOINTMENT_TYPE) values (60,'closed','admin','v',null,null,null,null,null,null,null,null,null,null,null,'y',null,null,null,null,'Default');
Insert into PERMISSION_RULES (ID,STATUS,ROLE,APPROVED_GOALS,UNAPPROVED_GOALS,GOAL_COMMENTS,RESULTS,SUPERVISOR_RESULTS,EVALUATION,REVIEW,EMPLOYEE_RESPONSE,REBUTTAL_READ,SECONDARY_SUBMIT,SUBMIT,ACTION_REQUIRED,DOWNLOAD_PDF,CLOSEOUT,SEND_TO_NOLIJ,SET_STATUS_TO_RESULTS_DUE,REACTIVATE_GOALS,APPOINTMENT_TYPE) values (47,'completed','employee','v',null,null,'v','v','v',null,'v',null,null,null,null,'y',null,null,null,null,'Default');
Insert into PERMISSION_RULES (ID,STATUS,ROLE,APPROVED_GOALS,UNAPPROVED_GOALS,GOAL_COMMENTS,RESULTS,SUPERVISOR_RESULTS,EVALUATION,REVIEW,EMPLOYEE_RESPONSE,REBUTTAL_READ,SECONDARY_SUBMIT,SUBMIT,ACTION_REQUIRED,DOWNLOAD_PDF,CLOSEOUT,SEND_TO_NOLIJ,SET_STATUS_TO_RESULTS_DUE,REACTIVATE_GOALS,APPOINTMENT_TYPE) values (48,'completed','supervisor','v',null,null,'v','v','v','v','v',null,null,null,null,'y',null,null,null,null,'Default');
Insert into PERMISSION_RULES (ID,STATUS,ROLE,APPROVED_GOALS,UNAPPROVED_GOALS,GOAL_COMMENTS,RESULTS,SUPERVISOR_RESULTS,EVALUATION,REVIEW,EMPLOYEE_RESPONSE,REBUTTAL_READ,SECONDARY_SUBMIT,SUBMIT,ACTION_REQUIRED,DOWNLOAD_PDF,CLOSEOUT,SEND_TO_NOLIJ,SET_STATUS_TO_RESULTS_DUE,REACTIVATE_GOALS,APPOINTMENT_TYPE) values (49,'completed','reviewer','v',null,null,'v','v','v','v','v',null,null,null,null,'y',null,'y',null,null,'Default');
Insert into PERMISSION_RULES (ID,STATUS,ROLE,APPROVED_GOALS,UNAPPROVED_GOALS,GOAL_COMMENTS,RESULTS,SUPERVISOR_RESULTS,EVALUATION,REVIEW,EMPLOYEE_RESPONSE,REBUTTAL_READ,SECONDARY_SUBMIT,SUBMIT,ACTION_REQUIRED,DOWNLOAD_PDF,CLOSEOUT,SEND_TO_NOLIJ,SET_STATUS_TO_RESULTS_DUE,REACTIVATE_GOALS,APPOINTMENT_TYPE) values (61,'completed','upper-supervisor','v',null,null,'v','v','v','v','v',null,null,null,null,'y',null,null,null,null,'Default');
Insert into PERMISSION_RULES (ID,STATUS,ROLE,APPROVED_GOALS,UNAPPROVED_GOALS,GOAL_COMMENTS,RESULTS,SUPERVISOR_RESULTS,EVALUATION,REVIEW,EMPLOYEE_RESPONSE,REBUTTAL_READ,SECONDARY_SUBMIT,SUBMIT,ACTION_REQUIRED,DOWNLOAD_PDF,CLOSEOUT,SEND_TO_NOLIJ,SET_STATUS_TO_RESULTS_DUE,REACTIVATE_GOALS,APPOINTMENT_TYPE) values (62,'completed','admin','v',null,null,'v','v','v','v','v',null,null,null,null,'y',null,'y',null,null,'Default');
Insert into PERMISSION_RULES (ID,STATUS,ROLE,APPROVED_GOALS,UNAPPROVED_GOALS,GOAL_COMMENTS,RESULTS,SUPERVISOR_RESULTS,EVALUATION,REVIEW,EMPLOYEE_RESPONSE,REBUTTAL_READ,SECONDARY_SUBMIT,SUBMIT,ACTION_REQUIRED,DOWNLOAD_PDF,CLOSEOUT,SEND_TO_NOLIJ,SET_STATUS_TO_RESULTS_DUE,REACTIVATE_GOALS,APPOINTMENT_TYPE) values (3,'goalsApprovalDue','supervisor','v','e','e',null,'e',null,null,null,null,'require-goals-modification','approve-goals','action-required-goals-approval-due','y',null,null,null,null,'Default');
Insert into PERMISSION_RULES (ID,STATUS,ROLE,APPROVED_GOALS,UNAPPROVED_GOALS,GOAL_COMMENTS,RESULTS,SUPERVISOR_RESULTS,EVALUATION,REVIEW,EMPLOYEE_RESPONSE,REBUTTAL_READ,SECONDARY_SUBMIT,SUBMIT,ACTION_REQUIRED,DOWNLOAD_PDF,CLOSEOUT,SEND_TO_NOLIJ,SET_STATUS_TO_RESULTS_DUE,REACTIVATE_GOALS,APPOINTMENT_TYPE) values (8,'goalsApprovalDue','employee','v','v',null,'e',null,null,null,null,null,null,null,null,'y',null,null,null,null,'Default');
Insert into PERMISSION_RULES (ID,STATUS,ROLE,APPROVED_GOALS,UNAPPROVED_GOALS,GOAL_COMMENTS,RESULTS,SUPERVISOR_RESULTS,EVALUATION,REVIEW,EMPLOYEE_RESPONSE,REBUTTAL_READ,SECONDARY_SUBMIT,SUBMIT,ACTION_REQUIRED,DOWNLOAD_PDF,CLOSEOUT,SEND_TO_NOLIJ,SET_STATUS_TO_RESULTS_DUE,REACTIVATE_GOALS,APPOINTMENT_TYPE) values (63,'goalsApprovalDue','upper-supervisor','v',null,null,null,null,null,null,null,null,null,null,null,'y',null,null,null,null,'Default');
Insert into PERMISSION_RULES (ID,STATUS,ROLE,APPROVED_GOALS,UNAPPROVED_GOALS,GOAL_COMMENTS,RESULTS,SUPERVISOR_RESULTS,EVALUATION,REVIEW,EMPLOYEE_RESPONSE,REBUTTAL_READ,SECONDARY_SUBMIT,SUBMIT,ACTION_REQUIRED,DOWNLOAD_PDF,CLOSEOUT,SEND_TO_NOLIJ,SET_STATUS_TO_RESULTS_DUE,REACTIVATE_GOALS,APPOINTMENT_TYPE) values (64,'goalsApprovalDue','admin','v',null,null,null,null,null,null,null,null,null,null,null,'y','y',null,null,null,'Default');
Insert into PERMISSION_RULES (ID,STATUS,ROLE,APPROVED_GOALS,UNAPPROVED_GOALS,GOAL_COMMENTS,RESULTS,SUPERVISOR_RESULTS,EVALUATION,REVIEW,EMPLOYEE_RESPONSE,REBUTTAL_READ,SECONDARY_SUBMIT,SUBMIT,ACTION_REQUIRED,DOWNLOAD_PDF,CLOSEOUT,SEND_TO_NOLIJ,SET_STATUS_TO_RESULTS_DUE,REACTIVATE_GOALS,APPOINTMENT_TYPE) values (65,'goalsApprovalDue','reviewer','v',null,null,null,null,null,null,null,null,null,null,null,'y','y',null,null,null,'Default');
Insert into PERMISSION_RULES (ID,STATUS,ROLE,APPROVED_GOALS,UNAPPROVED_GOALS,GOAL_COMMENTS,RESULTS,SUPERVISOR_RESULTS,EVALUATION,REVIEW,EMPLOYEE_RESPONSE,REBUTTAL_READ,SECONDARY_SUBMIT,SUBMIT,ACTION_REQUIRED,DOWNLOAD_PDF,CLOSEOUT,SEND_TO_NOLIJ,SET_STATUS_TO_RESULTS_DUE,REACTIVATE_GOALS,APPOINTMENT_TYPE) values (11,'goalsApproved','employee','v',null,null,'e',null,null,null,null,null,null,null,null,'y',null,null,null,'y','Default');
Insert into PERMISSION_RULES (ID,STATUS,ROLE,APPROVED_GOALS,UNAPPROVED_GOALS,GOAL_COMMENTS,RESULTS,SUPERVISOR_RESULTS,EVALUATION,REVIEW,EMPLOYEE_RESPONSE,REBUTTAL_READ,SECONDARY_SUBMIT,SUBMIT,ACTION_REQUIRED,DOWNLOAD_PDF,CLOSEOUT,SEND_TO_NOLIJ,SET_STATUS_TO_RESULTS_DUE,REACTIVATE_GOALS,APPOINTMENT_TYPE) values (12,'goalsApproved','supervisor','v',null,null,null,'e',null,null,null,null,null,null,null,'y',null,null,null,null,'Default');
Insert into PERMISSION_RULES (ID,STATUS,ROLE,APPROVED_GOALS,UNAPPROVED_GOALS,GOAL_COMMENTS,RESULTS,SUPERVISOR_RESULTS,EVALUATION,REVIEW,EMPLOYEE_RESPONSE,REBUTTAL_READ,SECONDARY_SUBMIT,SUBMIT,ACTION_REQUIRED,DOWNLOAD_PDF,CLOSEOUT,SEND_TO_NOLIJ,SET_STATUS_TO_RESULTS_DUE,REACTIVATE_GOALS,APPOINTMENT_TYPE) values (69,'goalsApproved','upper-supervisor','v',null,null,null,null,null,null,null,null,null,null,null,'y',null,null,null,null,'Default');
Insert into PERMISSION_RULES (ID,STATUS,ROLE,APPROVED_GOALS,UNAPPROVED_GOALS,GOAL_COMMENTS,RESULTS,SUPERVISOR_RESULTS,EVALUATION,REVIEW,EMPLOYEE_RESPONSE,REBUTTAL_READ,SECONDARY_SUBMIT,SUBMIT,ACTION_REQUIRED,DOWNLOAD_PDF,CLOSEOUT,SEND_TO_NOLIJ,SET_STATUS_TO_RESULTS_DUE,REACTIVATE_GOALS,APPOINTMENT_TYPE) values (70,'goalsApproved','admin','v',null,null,null,null,null,null,null,null,null,null,null,'y','y',null,'y',null,'Default');
Insert into PERMISSION_RULES (ID,STATUS,ROLE,APPROVED_GOALS,UNAPPROVED_GOALS,GOAL_COMMENTS,RESULTS,SUPERVISOR_RESULTS,EVALUATION,REVIEW,EMPLOYEE_RESPONSE,REBUTTAL_READ,SECONDARY_SUBMIT,SUBMIT,ACTION_REQUIRED,DOWNLOAD_PDF,CLOSEOUT,SEND_TO_NOLIJ,SET_STATUS_TO_RESULTS_DUE,REACTIVATE_GOALS,APPOINTMENT_TYPE) values (71,'goalsApproved','reviewer','v',null,null,null,null,null,null,null,null,null,null,null,'y','y',null,'y',null,'Default');
Insert into PERMISSION_RULES (ID,STATUS,ROLE,APPROVED_GOALS,UNAPPROVED_GOALS,GOAL_COMMENTS,RESULTS,SUPERVISOR_RESULTS,EVALUATION,REVIEW,EMPLOYEE_RESPONSE,REBUTTAL_READ,SECONDARY_SUBMIT,SUBMIT,ACTION_REQUIRED,DOWNLOAD_PDF,CLOSEOUT,SEND_TO_NOLIJ,SET_STATUS_TO_RESULTS_DUE,REACTIVATE_GOALS,APPOINTMENT_TYPE) values (0,'goalsDue','reviewer',null,null,null,null,null,null,null,null,null,null,null,null,'y','y',null,null,null,'Default');
Insert into PERMISSION_RULES (ID,STATUS,ROLE,APPROVED_GOALS,UNAPPROVED_GOALS,GOAL_COMMENTS,RESULTS,SUPERVISOR_RESULTS,EVALUATION,REVIEW,EMPLOYEE_RESPONSE,REBUTTAL_READ,SECONDARY_SUBMIT,SUBMIT,ACTION_REQUIRED,DOWNLOAD_PDF,CLOSEOUT,SEND_TO_NOLIJ,SET_STATUS_TO_RESULTS_DUE,REACTIVATE_GOALS,APPOINTMENT_TYPE) values (1,'goalsDue','employee',null,'e',null,null,null,null,null,null,null,null,'submit-goals','action-required-goals-due','y',null,null,null,null,'Default');
Insert into PERMISSION_RULES (ID,STATUS,ROLE,APPROVED_GOALS,UNAPPROVED_GOALS,GOAL_COMMENTS,RESULTS,SUPERVISOR_RESULTS,EVALUATION,REVIEW,EMPLOYEE_RESPONSE,REBUTTAL_READ,SECONDARY_SUBMIT,SUBMIT,ACTION_REQUIRED,DOWNLOAD_PDF,CLOSEOUT,SEND_TO_NOLIJ,SET_STATUS_TO_RESULTS_DUE,REACTIVATE_GOALS,APPOINTMENT_TYPE) values (2,'goalsDue','supervisor',null,null,null,null,null,null,null,null,null,null,null,'action-team-goals-due','y',null,null,null,null,'Default');
Insert into PERMISSION_RULES (ID,STATUS,ROLE,APPROVED_GOALS,UNAPPROVED_GOALS,GOAL_COMMENTS,RESULTS,SUPERVISOR_RESULTS,EVALUATION,REVIEW,EMPLOYEE_RESPONSE,REBUTTAL_READ,SECONDARY_SUBMIT,SUBMIT,ACTION_REQUIRED,DOWNLOAD_PDF,CLOSEOUT,SEND_TO_NOLIJ,SET_STATUS_TO_RESULTS_DUE,REACTIVATE_GOALS,APPOINTMENT_TYPE) values (72,'goalsDue','upper-supervisor',null,null,null,null,null,null,null,null,null,null,null,null,'y',null,null,null,null,'Default');
Insert into PERMISSION_RULES (ID,STATUS,ROLE,APPROVED_GOALS,UNAPPROVED_GOALS,GOAL_COMMENTS,RESULTS,SUPERVISOR_RESULTS,EVALUATION,REVIEW,EMPLOYEE_RESPONSE,REBUTTAL_READ,SECONDARY_SUBMIT,SUBMIT,ACTION_REQUIRED,DOWNLOAD_PDF,CLOSEOUT,SEND_TO_NOLIJ,SET_STATUS_TO_RESULTS_DUE,REACTIVATE_GOALS,APPOINTMENT_TYPE) values (73,'goalsDue','admin',null,null,null,null,null,null,null,null,null,null,null,null,'y','y',null,null,null,'Default');
Insert into PERMISSION_RULES (ID,STATUS,ROLE,APPROVED_GOALS,UNAPPROVED_GOALS,GOAL_COMMENTS,RESULTS,SUPERVISOR_RESULTS,EVALUATION,REVIEW,EMPLOYEE_RESPONSE,REBUTTAL_READ,SECONDARY_SUBMIT,SUBMIT,ACTION_REQUIRED,DOWNLOAD_PDF,CLOSEOUT,SEND_TO_NOLIJ,SET_STATUS_TO_RESULTS_DUE,REACTIVATE_GOALS,APPOINTMENT_TYPE) values (44119,'goalsReactivated','employee','v','e',null,'e',null,null,null,null,null,null,'submit-goals','action-required-goals-due','y',null,null,null,null,'Default');
Insert into PERMISSION_RULES (ID,STATUS,ROLE,APPROVED_GOALS,UNAPPROVED_GOALS,GOAL_COMMENTS,RESULTS,SUPERVISOR_RESULTS,EVALUATION,REVIEW,EMPLOYEE_RESPONSE,REBUTTAL_READ,SECONDARY_SUBMIT,SUBMIT,ACTION_REQUIRED,DOWNLOAD_PDF,CLOSEOUT,SEND_TO_NOLIJ,SET_STATUS_TO_RESULTS_DUE,REACTIVATE_GOALS,APPOINTMENT_TYPE) values (44120,'goalsReactivated','supervisor','v',null,null,null,'e',null,null,null,null,null,null,'action-team-goals-due','y',null,null,null,null,'Default');
Insert into PERMISSION_RULES (ID,STATUS,ROLE,APPROVED_GOALS,UNAPPROVED_GOALS,GOAL_COMMENTS,RESULTS,SUPERVISOR_RESULTS,EVALUATION,REVIEW,EMPLOYEE_RESPONSE,REBUTTAL_READ,SECONDARY_SUBMIT,SUBMIT,ACTION_REQUIRED,DOWNLOAD_PDF,CLOSEOUT,SEND_TO_NOLIJ,SET_STATUS_TO_RESULTS_DUE,REACTIVATE_GOALS,APPOINTMENT_TYPE) values (44121,'goalsReactivated','upper-supervisor','v',null,null,null,null,null,null,null,null,null,null,null,'y',null,null,null,null,'Default');
Insert into PERMISSION_RULES (ID,STATUS,ROLE,APPROVED_GOALS,UNAPPROVED_GOALS,GOAL_COMMENTS,RESULTS,SUPERVISOR_RESULTS,EVALUATION,REVIEW,EMPLOYEE_RESPONSE,REBUTTAL_READ,SECONDARY_SUBMIT,SUBMIT,ACTION_REQUIRED,DOWNLOAD_PDF,CLOSEOUT,SEND_TO_NOLIJ,SET_STATUS_TO_RESULTS_DUE,REACTIVATE_GOALS,APPOINTMENT_TYPE) values (44122,'goalsReactivated','admin','v',null,null,null,null,null,null,null,null,null,null,null,'y','y',null,'y',null,'Default');
Insert into PERMISSION_RULES (ID,STATUS,ROLE,APPROVED_GOALS,UNAPPROVED_GOALS,GOAL_COMMENTS,RESULTS,SUPERVISOR_RESULTS,EVALUATION,REVIEW,EMPLOYEE_RESPONSE,REBUTTAL_READ,SECONDARY_SUBMIT,SUBMIT,ACTION_REQUIRED,DOWNLOAD_PDF,CLOSEOUT,SEND_TO_NOLIJ,SET_STATUS_TO_RESULTS_DUE,REACTIVATE_GOALS,APPOINTMENT_TYPE) values (44123,'goalsReactivated','reviewer','v',null,null,null,null,null,null,null,null,null,null,null,'y','y',null,'y',null,'Default');
Insert into PERMISSION_RULES (ID,STATUS,ROLE,APPROVED_GOALS,UNAPPROVED_GOALS,GOAL_COMMENTS,RESULTS,SUPERVISOR_RESULTS,EVALUATION,REVIEW,EMPLOYEE_RESPONSE,REBUTTAL_READ,SECONDARY_SUBMIT,SUBMIT,ACTION_REQUIRED,DOWNLOAD_PDF,CLOSEOUT,SEND_TO_NOLIJ,SET_STATUS_TO_RESULTS_DUE,REACTIVATE_GOALS,APPOINTMENT_TYPE) values (44116,'goalsReactivationRequested','upper-supervisor','v',null,null,null,null,null,null,null,null,null,null,null,'y',null,null,null,null,'Default');
Insert into PERMISSION_RULES (ID,STATUS,ROLE,APPROVED_GOALS,UNAPPROVED_GOALS,GOAL_COMMENTS,RESULTS,SUPERVISOR_RESULTS,EVALUATION,REVIEW,EMPLOYEE_RESPONSE,REBUTTAL_READ,SECONDARY_SUBMIT,SUBMIT,ACTION_REQUIRED,DOWNLOAD_PDF,CLOSEOUT,SEND_TO_NOLIJ,SET_STATUS_TO_RESULTS_DUE,REACTIVATE_GOALS,APPOINTMENT_TYPE) values (44117,'goalsReactivationRequested','admin','v',null,null,null,null,null,null,null,null,null,null,null,'y','y',null,'y',null,'Default');
Insert into PERMISSION_RULES (ID,STATUS,ROLE,APPROVED_GOALS,UNAPPROVED_GOALS,GOAL_COMMENTS,RESULTS,SUPERVISOR_RESULTS,EVALUATION,REVIEW,EMPLOYEE_RESPONSE,REBUTTAL_READ,SECONDARY_SUBMIT,SUBMIT,ACTION_REQUIRED,DOWNLOAD_PDF,CLOSEOUT,SEND_TO_NOLIJ,SET_STATUS_TO_RESULTS_DUE,REACTIVATE_GOALS,APPOINTMENT_TYPE) values (44118,'goalsReactivationRequested','reviewer','v',null,null,null,null,null,null,null,null,null,null,null,'y','y',null,'y',null,'Default');
Insert into PERMISSION_RULES (ID,STATUS,ROLE,APPROVED_GOALS,UNAPPROVED_GOALS,GOAL_COMMENTS,RESULTS,SUPERVISOR_RESULTS,EVALUATION,REVIEW,EMPLOYEE_RESPONSE,REBUTTAL_READ,SECONDARY_SUBMIT,SUBMIT,ACTION_REQUIRED,DOWNLOAD_PDF,CLOSEOUT,SEND_TO_NOLIJ,SET_STATUS_TO_RESULTS_DUE,REACTIVATE_GOALS,APPOINTMENT_TYPE) values (44114,'goalsReactivationRequested','employee','v',null,null,'e',null,null,null,null,null,null,null,null,'y',null,null,null,null,'Default');
Insert into PERMISSION_RULES (ID,STATUS,ROLE,APPROVED_GOALS,UNAPPROVED_GOALS,GOAL_COMMENTS,RESULTS,SUPERVISOR_RESULTS,EVALUATION,REVIEW,EMPLOYEE_RESPONSE,REBUTTAL_READ,SECONDARY_SUBMIT,SUBMIT,ACTION_REQUIRED,DOWNLOAD_PDF,CLOSEOUT,SEND_TO_NOLIJ,SET_STATUS_TO_RESULTS_DUE,REACTIVATE_GOALS,APPOINTMENT_TYPE) values (44115,'goalsReactivationRequested','supervisor','v',null,null,null,'e',null,null,null,null,'deny-goals-reactivation','approve-goals-reactivation','action-team-goals-reactivation','y',null,null,null,null,'Default');
Insert into PERMISSION_RULES (ID,STATUS,ROLE,APPROVED_GOALS,UNAPPROVED_GOALS,GOAL_COMMENTS,RESULTS,SUPERVISOR_RESULTS,EVALUATION,REVIEW,EMPLOYEE_RESPONSE,REBUTTAL_READ,SECONDARY_SUBMIT,SUBMIT,ACTION_REQUIRED,DOWNLOAD_PDF,CLOSEOUT,SEND_TO_NOLIJ,SET_STATUS_TO_RESULTS_DUE,REACTIVATE_GOALS,APPOINTMENT_TYPE) values (6,'goalsRequiredModification','employee','v','e','v','e',null,null,null,null,null,null,'submit-goals','action-required-goals-required-modification','y',null,null,null,null,'Default');
Insert into PERMISSION_RULES (ID,STATUS,ROLE,APPROVED_GOALS,UNAPPROVED_GOALS,GOAL_COMMENTS,RESULTS,SUPERVISOR_RESULTS,EVALUATION,REVIEW,EMPLOYEE_RESPONSE,REBUTTAL_READ,SECONDARY_SUBMIT,SUBMIT,ACTION_REQUIRED,DOWNLOAD_PDF,CLOSEOUT,SEND_TO_NOLIJ,SET_STATUS_TO_RESULTS_DUE,REACTIVATE_GOALS,APPOINTMENT_TYPE) values (7,'goalsRequiredModification','supervisor','v',null,'v',null,'e',null,null,null,null,null,null,'action-team-goals-required-modification','y',null,null,null,null,'Default');
Insert into PERMISSION_RULES (ID,STATUS,ROLE,APPROVED_GOALS,UNAPPROVED_GOALS,GOAL_COMMENTS,RESULTS,SUPERVISOR_RESULTS,EVALUATION,REVIEW,EMPLOYEE_RESPONSE,REBUTTAL_READ,SECONDARY_SUBMIT,SUBMIT,ACTION_REQUIRED,DOWNLOAD_PDF,CLOSEOUT,SEND_TO_NOLIJ,SET_STATUS_TO_RESULTS_DUE,REACTIVATE_GOALS,APPOINTMENT_TYPE) values (81,'goalsRequiredModification','upper-supervisor','v',null,'v',null,null,null,null,null,null,null,null,null,'y',null,null,null,null,'Default');
Insert into PERMISSION_RULES (ID,STATUS,ROLE,APPROVED_GOALS,UNAPPROVED_GOALS,GOAL_COMMENTS,RESULTS,SUPERVISOR_RESULTS,EVALUATION,REVIEW,EMPLOYEE_RESPONSE,REBUTTAL_READ,SECONDARY_SUBMIT,SUBMIT,ACTION_REQUIRED,DOWNLOAD_PDF,CLOSEOUT,SEND_TO_NOLIJ,SET_STATUS_TO_RESULTS_DUE,REACTIVATE_GOALS,APPOINTMENT_TYPE) values (82,'goalsRequiredModification','admin','v',null,'v',null,null,null,null,null,null,null,null,null,'y','y',null,null,null,'Default');
Insert into PERMISSION_RULES (ID,STATUS,ROLE,APPROVED_GOALS,UNAPPROVED_GOALS,GOAL_COMMENTS,RESULTS,SUPERVISOR_RESULTS,EVALUATION,REVIEW,EMPLOYEE_RESPONSE,REBUTTAL_READ,SECONDARY_SUBMIT,SUBMIT,ACTION_REQUIRED,DOWNLOAD_PDF,CLOSEOUT,SEND_TO_NOLIJ,SET_STATUS_TO_RESULTS_DUE,REACTIVATE_GOALS,APPOINTMENT_TYPE) values (83,'goalsRequiredModification','reviewer','v',null,'v',null,null,null,null,null,null,null,null,null,'y','y',null,null,null,'Default');
Insert into PERMISSION_RULES (ID,STATUS,ROLE,APPROVED_GOALS,UNAPPROVED_GOALS,GOAL_COMMENTS,RESULTS,SUPERVISOR_RESULTS,EVALUATION,REVIEW,EMPLOYEE_RESPONSE,REBUTTAL_READ,SECONDARY_SUBMIT,SUBMIT,ACTION_REQUIRED,DOWNLOAD_PDF,CLOSEOUT,SEND_TO_NOLIJ,SET_STATUS_TO_RESULTS_DUE,REACTIVATE_GOALS,APPOINTMENT_TYPE) values (41,'rebuttalReadDue','employee','v',null,null,'v','v','v',null,'v',null,null,null,null,'y',null,null,null,null,'Default');
Insert into PERMISSION_RULES (ID,STATUS,ROLE,APPROVED_GOALS,UNAPPROVED_GOALS,GOAL_COMMENTS,RESULTS,SUPERVISOR_RESULTS,EVALUATION,REVIEW,EMPLOYEE_RESPONSE,REBUTTAL_READ,SECONDARY_SUBMIT,SUBMIT,ACTION_REQUIRED,DOWNLOAD_PDF,CLOSEOUT,SEND_TO_NOLIJ,SET_STATUS_TO_RESULTS_DUE,REACTIVATE_GOALS,APPOINTMENT_TYPE) values (42,'rebuttalReadDue','supervisor','v',null,null,'v','v','v',null,'v','e',null,'read-appraisal-rebuttal','action-required-rebuttal-read-due','y',null,null,null,null,'Default');
Insert into PERMISSION_RULES (ID,STATUS,ROLE,APPROVED_GOALS,UNAPPROVED_GOALS,GOAL_COMMENTS,RESULTS,SUPERVISOR_RESULTS,EVALUATION,REVIEW,EMPLOYEE_RESPONSE,REBUTTAL_READ,SECONDARY_SUBMIT,SUBMIT,ACTION_REQUIRED,DOWNLOAD_PDF,CLOSEOUT,SEND_TO_NOLIJ,SET_STATUS_TO_RESULTS_DUE,REACTIVATE_GOALS,APPOINTMENT_TYPE) values (43,'rebuttalReadDue','reviewer','v',null,null,'v','v','v','v','v',null,null,null,null,'y',null,'y',null,null,'Default');
Insert into PERMISSION_RULES (ID,STATUS,ROLE,APPROVED_GOALS,UNAPPROVED_GOALS,GOAL_COMMENTS,RESULTS,SUPERVISOR_RESULTS,EVALUATION,REVIEW,EMPLOYEE_RESPONSE,REBUTTAL_READ,SECONDARY_SUBMIT,SUBMIT,ACTION_REQUIRED,DOWNLOAD_PDF,CLOSEOUT,SEND_TO_NOLIJ,SET_STATUS_TO_RESULTS_DUE,REACTIVATE_GOALS,APPOINTMENT_TYPE) values (84,'rebuttalReadDue','upper-supervisor','v',null,null,'v','v','v','v','v',null,null,null,null,'y',null,null,null,null,'Default');
Insert into PERMISSION_RULES (ID,STATUS,ROLE,APPROVED_GOALS,UNAPPROVED_GOALS,GOAL_COMMENTS,RESULTS,SUPERVISOR_RESULTS,EVALUATION,REVIEW,EMPLOYEE_RESPONSE,REBUTTAL_READ,SECONDARY_SUBMIT,SUBMIT,ACTION_REQUIRED,DOWNLOAD_PDF,CLOSEOUT,SEND_TO_NOLIJ,SET_STATUS_TO_RESULTS_DUE,REACTIVATE_GOALS,APPOINTMENT_TYPE) values (85,'rebuttalReadDue','admin','v',null,null,'v','v','v','v','v',null,null,null,null,'y',null,'y',null,null,'Default');
Insert into PERMISSION_RULES (ID,STATUS,ROLE,APPROVED_GOALS,UNAPPROVED_GOALS,GOAL_COMMENTS,RESULTS,SUPERVISOR_RESULTS,EVALUATION,REVIEW,EMPLOYEE_RESPONSE,REBUTTAL_READ,SECONDARY_SUBMIT,SUBMIT,ACTION_REQUIRED,DOWNLOAD_PDF,CLOSEOUT,SEND_TO_NOLIJ,SET_STATUS_TO_RESULTS_DUE,REACTIVATE_GOALS,APPOINTMENT_TYPE) values (29,'releaseDue','employee','v',null,null,'v',null,null,null,null,null,null,null,null,'y',null,null,null,null,'Default');
Insert into PERMISSION_RULES (ID,STATUS,ROLE,APPROVED_GOALS,UNAPPROVED_GOALS,GOAL_COMMENTS,RESULTS,SUPERVISOR_RESULTS,EVALUATION,REVIEW,EMPLOYEE_RESPONSE,REBUTTAL_READ,SECONDARY_SUBMIT,SUBMIT,ACTION_REQUIRED,DOWNLOAD_PDF,CLOSEOUT,SEND_TO_NOLIJ,SET_STATUS_TO_RESULTS_DUE,REACTIVATE_GOALS,APPOINTMENT_TYPE) values (30,'releaseDue','supervisor','v',null,null,'v','e','e','v',null,null,null,'release-appraisal','action-required-release-due','y',null,null,null,null,'Default');
Insert into PERMISSION_RULES (ID,STATUS,ROLE,APPROVED_GOALS,UNAPPROVED_GOALS,GOAL_COMMENTS,RESULTS,SUPERVISOR_RESULTS,EVALUATION,REVIEW,EMPLOYEE_RESPONSE,REBUTTAL_READ,SECONDARY_SUBMIT,SUBMIT,ACTION_REQUIRED,DOWNLOAD_PDF,CLOSEOUT,SEND_TO_NOLIJ,SET_STATUS_TO_RESULTS_DUE,REACTIVATE_GOALS,APPOINTMENT_TYPE) values (31,'releaseDue','reviewer','v',null,null,'v',null,null,'v',null,null,null,null,null,'y','y',null,null,null,'Default');
Insert into PERMISSION_RULES (ID,STATUS,ROLE,APPROVED_GOALS,UNAPPROVED_GOALS,GOAL_COMMENTS,RESULTS,SUPERVISOR_RESULTS,EVALUATION,REVIEW,EMPLOYEE_RESPONSE,REBUTTAL_READ,SECONDARY_SUBMIT,SUBMIT,ACTION_REQUIRED,DOWNLOAD_PDF,CLOSEOUT,SEND_TO_NOLIJ,SET_STATUS_TO_RESULTS_DUE,REACTIVATE_GOALS,APPOINTMENT_TYPE) values (88,'releaseDue','upper-supervisor','v',null,null,'v',null,null,'v',null,null,null,null,null,'y',null,null,null,null,'Default');
Insert into PERMISSION_RULES (ID,STATUS,ROLE,APPROVED_GOALS,UNAPPROVED_GOALS,GOAL_COMMENTS,RESULTS,SUPERVISOR_RESULTS,EVALUATION,REVIEW,EMPLOYEE_RESPONSE,REBUTTAL_READ,SECONDARY_SUBMIT,SUBMIT,ACTION_REQUIRED,DOWNLOAD_PDF,CLOSEOUT,SEND_TO_NOLIJ,SET_STATUS_TO_RESULTS_DUE,REACTIVATE_GOALS,APPOINTMENT_TYPE) values (89,'releaseDue','admin','v',null,null,'v',null,null,'v',null,null,null,null,null,'y','y',null,null,null,'Default');
Insert into PERMISSION_RULES (ID,STATUS,ROLE,APPROVED_GOALS,UNAPPROVED_GOALS,GOAL_COMMENTS,RESULTS,SUPERVISOR_RESULTS,EVALUATION,REVIEW,EMPLOYEE_RESPONSE,REBUTTAL_READ,SECONDARY_SUBMIT,SUBMIT,ACTION_REQUIRED,DOWNLOAD_PDF,CLOSEOUT,SEND_TO_NOLIJ,SET_STATUS_TO_RESULTS_DUE,REACTIVATE_GOALS,APPOINTMENT_TYPE) values (15,'resultsDue','employee','v',null,null,'e',null,null,null,null,null,null,'submit-results','action-required-results-due','y',null,null,null,null,'Default');
Insert into PERMISSION_RULES (ID,STATUS,ROLE,APPROVED_GOALS,UNAPPROVED_GOALS,GOAL_COMMENTS,RESULTS,SUPERVISOR_RESULTS,EVALUATION,REVIEW,EMPLOYEE_RESPONSE,REBUTTAL_READ,SECONDARY_SUBMIT,SUBMIT,ACTION_REQUIRED,DOWNLOAD_PDF,CLOSEOUT,SEND_TO_NOLIJ,SET_STATUS_TO_RESULTS_DUE,REACTIVATE_GOALS,APPOINTMENT_TYPE) values (16,'resultsDue','supervisor','v',null,null,null,'e',null,null,null,null,null,null,'action-team-results-due','y',null,null,null,null,'Default');
Insert into PERMISSION_RULES (ID,STATUS,ROLE,APPROVED_GOALS,UNAPPROVED_GOALS,GOAL_COMMENTS,RESULTS,SUPERVISOR_RESULTS,EVALUATION,REVIEW,EMPLOYEE_RESPONSE,REBUTTAL_READ,SECONDARY_SUBMIT,SUBMIT,ACTION_REQUIRED,DOWNLOAD_PDF,CLOSEOUT,SEND_TO_NOLIJ,SET_STATUS_TO_RESULTS_DUE,REACTIVATE_GOALS,APPOINTMENT_TYPE) values (92,'resultsDue','upper-supervisor','v',null,null,null,null,null,null,null,null,null,null,null,'y',null,null,null,null,'Default');
Insert into PERMISSION_RULES (ID,STATUS,ROLE,APPROVED_GOALS,UNAPPROVED_GOALS,GOAL_COMMENTS,RESULTS,SUPERVISOR_RESULTS,EVALUATION,REVIEW,EMPLOYEE_RESPONSE,REBUTTAL_READ,SECONDARY_SUBMIT,SUBMIT,ACTION_REQUIRED,DOWNLOAD_PDF,CLOSEOUT,SEND_TO_NOLIJ,SET_STATUS_TO_RESULTS_DUE,REACTIVATE_GOALS,APPOINTMENT_TYPE) values (93,'resultsDue','admin','v',null,null,null,null,null,null,null,null,null,null,null,'y','y',null,null,null,'Default');
Insert into PERMISSION_RULES (ID,STATUS,ROLE,APPROVED_GOALS,UNAPPROVED_GOALS,GOAL_COMMENTS,RESULTS,SUPERVISOR_RESULTS,EVALUATION,REVIEW,EMPLOYEE_RESPONSE,REBUTTAL_READ,SECONDARY_SUBMIT,SUBMIT,ACTION_REQUIRED,DOWNLOAD_PDF,CLOSEOUT,SEND_TO_NOLIJ,SET_STATUS_TO_RESULTS_DUE,REACTIVATE_GOALS,APPOINTMENT_TYPE) values (94,'resultsDue','reviewer','v',null,null,null,null,null,null,null,null,null,null,null,'y','y',null,null,null,'Default');
Insert into PERMISSION_RULES (ID,STATUS,ROLE,APPROVED_GOALS,UNAPPROVED_GOALS,GOAL_COMMENTS,RESULTS,SUPERVISOR_RESULTS,EVALUATION,REVIEW,EMPLOYEE_RESPONSE,REBUTTAL_READ,SECONDARY_SUBMIT,SUBMIT,ACTION_REQUIRED,DOWNLOAD_PDF,CLOSEOUT,SEND_TO_NOLIJ,SET_STATUS_TO_RESULTS_DUE,REACTIVATE_GOALS,APPOINTMENT_TYPE) values (23,'reviewDue','employee','v',null,null,'v',null,null,null,null,null,null,null,null,'y',null,null,null,null,'Default');
Insert into PERMISSION_RULES (ID,STATUS,ROLE,APPROVED_GOALS,UNAPPROVED_GOALS,GOAL_COMMENTS,RESULTS,SUPERVISOR_RESULTS,EVALUATION,REVIEW,EMPLOYEE_RESPONSE,REBUTTAL_READ,SECONDARY_SUBMIT,SUBMIT,ACTION_REQUIRED,DOWNLOAD_PDF,CLOSEOUT,SEND_TO_NOLIJ,SET_STATUS_TO_RESULTS_DUE,REACTIVATE_GOALS,APPOINTMENT_TYPE) values (24,'reviewDue','supervisor','v',null,null,'v','v','v',null,null,null,null,null,null,'y',null,null,null,null,'Default');
Insert into PERMISSION_RULES (ID,STATUS,ROLE,APPROVED_GOALS,UNAPPROVED_GOALS,GOAL_COMMENTS,RESULTS,SUPERVISOR_RESULTS,EVALUATION,REVIEW,EMPLOYEE_RESPONSE,REBUTTAL_READ,SECONDARY_SUBMIT,SUBMIT,ACTION_REQUIRED,DOWNLOAD_PDF,CLOSEOUT,SEND_TO_NOLIJ,SET_STATUS_TO_RESULTS_DUE,REACTIVATE_GOALS,APPOINTMENT_TYPE) values (25,'reviewDue','reviewer','v',null,null,'v','v','v','e',null,null,null,'submit-review',null,'y','y',null,null,null,'Default');
Insert into PERMISSION_RULES (ID,STATUS,ROLE,APPROVED_GOALS,UNAPPROVED_GOALS,GOAL_COMMENTS,RESULTS,SUPERVISOR_RESULTS,EVALUATION,REVIEW,EMPLOYEE_RESPONSE,REBUTTAL_READ,SECONDARY_SUBMIT,SUBMIT,ACTION_REQUIRED,DOWNLOAD_PDF,CLOSEOUT,SEND_TO_NOLIJ,SET_STATUS_TO_RESULTS_DUE,REACTIVATE_GOALS,APPOINTMENT_TYPE) values (98,'reviewDue','upper-supervisor','v',null,null,'v','v','v',null,null,null,null,null,null,'y',null,null,null,null,'Default');
Insert into PERMISSION_RULES (ID,STATUS,ROLE,APPROVED_GOALS,UNAPPROVED_GOALS,GOAL_COMMENTS,RESULTS,SUPERVISOR_RESULTS,EVALUATION,REVIEW,EMPLOYEE_RESPONSE,REBUTTAL_READ,SECONDARY_SUBMIT,SUBMIT,ACTION_REQUIRED,DOWNLOAD_PDF,CLOSEOUT,SEND_TO_NOLIJ,SET_STATUS_TO_RESULTS_DUE,REACTIVATE_GOALS,APPOINTMENT_TYPE) values (99,'reviewDue','admin','v',null,null,'v','v','v',null,null,null,null,null,null,'y','y',null,null,null,'Default');
Insert into PERMISSION_RULES (ID,STATUS,ROLE,APPROVED_GOALS,UNAPPROVED_GOALS,GOAL_COMMENTS,RESULTS,SUPERVISOR_RESULTS,EVALUATION,REVIEW,EMPLOYEE_RESPONSE,REBUTTAL_READ,SECONDARY_SUBMIT,SUBMIT,ACTION_REQUIRED,DOWNLOAD_PDF,CLOSEOUT,SEND_TO_NOLIJ,SET_STATUS_TO_RESULTS_DUE,REACTIVATE_GOALS,APPOINTMENT_TYPE) values (35,'signatureDue','employee','v',null,null,'v','v','v',null,'e',null,null,'sign-appraisal','action-required-signature-due','y',null,null,null,null,'Default');
Insert into PERMISSION_RULES (ID,STATUS,ROLE,APPROVED_GOALS,UNAPPROVED_GOALS,GOAL_COMMENTS,RESULTS,SUPERVISOR_RESULTS,EVALUATION,REVIEW,EMPLOYEE_RESPONSE,REBUTTAL_READ,SECONDARY_SUBMIT,SUBMIT,ACTION_REQUIRED,DOWNLOAD_PDF,CLOSEOUT,SEND_TO_NOLIJ,SET_STATUS_TO_RESULTS_DUE,REACTIVATE_GOALS,APPOINTMENT_TYPE) values (36,'signatureDue','supervisor','v',null,null,'v','v','v','v',null,null,null,null,'action-team-signature-due','y',null,null,null,null,'Default');
Insert into PERMISSION_RULES (ID,STATUS,ROLE,APPROVED_GOALS,UNAPPROVED_GOALS,GOAL_COMMENTS,RESULTS,SUPERVISOR_RESULTS,EVALUATION,REVIEW,EMPLOYEE_RESPONSE,REBUTTAL_READ,SECONDARY_SUBMIT,SUBMIT,ACTION_REQUIRED,DOWNLOAD_PDF,CLOSEOUT,SEND_TO_NOLIJ,SET_STATUS_TO_RESULTS_DUE,REACTIVATE_GOALS,APPOINTMENT_TYPE) values (37,'signatureDue','reviewer','v',null,null,'v','v','v','v',null,null,null,null,null,'y','y',null,null,null,'Default');
Insert into PERMISSION_RULES (ID,STATUS,ROLE,APPROVED_GOALS,UNAPPROVED_GOALS,GOAL_COMMENTS,RESULTS,SUPERVISOR_RESULTS,EVALUATION,REVIEW,EMPLOYEE_RESPONSE,REBUTTAL_READ,SECONDARY_SUBMIT,SUBMIT,ACTION_REQUIRED,DOWNLOAD_PDF,CLOSEOUT,SEND_TO_NOLIJ,SET_STATUS_TO_RESULTS_DUE,REACTIVATE_GOALS,APPOINTMENT_TYPE) values (102,'signatureDue','upper-supervisor','v',null,null,'v','v','v','v',null,null,null,null,null,'y',null,null,null,null,'Default');
Insert into PERMISSION_RULES (ID,STATUS,ROLE,APPROVED_GOALS,UNAPPROVED_GOALS,GOAL_COMMENTS,RESULTS,SUPERVISOR_RESULTS,EVALUATION,REVIEW,EMPLOYEE_RESPONSE,REBUTTAL_READ,SECONDARY_SUBMIT,SUBMIT,ACTION_REQUIRED,DOWNLOAD_PDF,CLOSEOUT,SEND_TO_NOLIJ,SET_STATUS_TO_RESULTS_DUE,REACTIVATE_GOALS,APPOINTMENT_TYPE) values (103,'signatureDue','admin','v',null,null,'v','v','v','v',null,null,null,null,null,'y','y',null,null,null,'Default');
Insert into PERMISSION_RULES (ID,STATUS,ROLE,APPROVED_GOALS,UNAPPROVED_GOALS,GOAL_COMMENTS,RESULTS,SUPERVISOR_RESULTS,EVALUATION,REVIEW,EMPLOYEE_RESPONSE,REBUTTAL_READ,SECONDARY_SUBMIT,SUBMIT,ACTION_REQUIRED,DOWNLOAD_PDF,CLOSEOUT,SEND_TO_NOLIJ,SET_STATUS_TO_RESULTS_DUE,REACTIVATE_GOALS,APPOINTMENT_TYPE) values (44154,'appraisalDue','reviewer',null,null,null,null,null,null,null,null,null,null,null,null,null,'y',null,null,null,'Professional Faculty');
Insert into PERMISSION_RULES (ID,STATUS,ROLE,APPROVED_GOALS,UNAPPROVED_GOALS,GOAL_COMMENTS,RESULTS,SUPERVISOR_RESULTS,EVALUATION,REVIEW,EMPLOYEE_RESPONSE,REBUTTAL_READ,SECONDARY_SUBMIT,SUBMIT,ACTION_REQUIRED,DOWNLOAD_PDF,CLOSEOUT,SEND_TO_NOLIJ,SET_STATUS_TO_RESULTS_DUE,REACTIVATE_GOALS,APPOINTMENT_TYPE) values (44155,'appraisalDue','superAdmin',null,null,null,null,null,null,null,null,null,null,null,null,null,'y',null,null,null,'Professional Faculty');
Insert into PERMISSION_RULES (ID,STATUS,ROLE,APPROVED_GOALS,UNAPPROVED_GOALS,GOAL_COMMENTS,RESULTS,SUPERVISOR_RESULTS,EVALUATION,REVIEW,EMPLOYEE_RESPONSE,REBUTTAL_READ,SECONDARY_SUBMIT,SUBMIT,ACTION_REQUIRED,DOWNLOAD_PDF,CLOSEOUT,SEND_TO_NOLIJ,SET_STATUS_TO_RESULTS_DUE,REACTIVATE_GOALS,APPOINTMENT_TYPE) values (44156,'closed','reviewer',null,null,null,null,null,null,null,null,null,null,null,null,null,null,null,null,null,'Professional Faculty');
Insert into PERMISSION_RULES (ID,STATUS,ROLE,APPROVED_GOALS,UNAPPROVED_GOALS,GOAL_COMMENTS,RESULTS,SUPERVISOR_RESULTS,EVALUATION,REVIEW,EMPLOYEE_RESPONSE,REBUTTAL_READ,SECONDARY_SUBMIT,SUBMIT,ACTION_REQUIRED,DOWNLOAD_PDF,CLOSEOUT,SEND_TO_NOLIJ,SET_STATUS_TO_RESULTS_DUE,REACTIVATE_GOALS,APPOINTMENT_TYPE) values (44157,'closed','superAdmin',null,null,null,null,null,null,null,null,null,null,null,null,null,null,null,null,null,'Professional Faculty');
Insert into PERMISSION_RULES (ID,STATUS,ROLE,APPROVED_GOALS,UNAPPROVED_GOALS,GOAL_COMMENTS,RESULTS,SUPERVISOR_RESULTS,EVALUATION,REVIEW,EMPLOYEE_RESPONSE,REBUTTAL_READ,SECONDARY_SUBMIT,SUBMIT,ACTION_REQUIRED,DOWNLOAD_PDF,CLOSEOUT,SEND_TO_NOLIJ,SET_STATUS_TO_RESULTS_DUE,REACTIVATE_GOALS,APPOINTMENT_TYPE) values (44158,'completed','reviewer',null,null,null,null,null,null,null,null,null,null,null,null,null,null,null,null,null,'Professional Faculty');
Insert into PERMISSION_RULES (ID,STATUS,ROLE,APPROVED_GOALS,UNAPPROVED_GOALS,GOAL_COMMENTS,RESULTS,SUPERVISOR_RESULTS,EVALUATION,REVIEW,EMPLOYEE_RESPONSE,REBUTTAL_READ,SECONDARY_SUBMIT,SUBMIT,ACTION_REQUIRED,DOWNLOAD_PDF,CLOSEOUT,SEND_TO_NOLIJ,SET_STATUS_TO_RESULTS_DUE,REACTIVATE_GOALS,APPOINTMENT_TYPE) values (44159,'completed','superAdmin',null,null,null,null,null,null,null,null,null,null,null,null,null,null,null,null,null,'Professional Faculty');
Insert into PERMISSION_RULES (ID,STATUS,ROLE,APPROVED_GOALS,UNAPPROVED_GOALS,GOAL_COMMENTS,RESULTS,SUPERVISOR_RESULTS,EVALUATION,REVIEW,EMPLOYEE_RESPONSE,REBUTTAL_READ,SECONDARY_SUBMIT,SUBMIT,ACTION_REQUIRED,DOWNLOAD_PDF,CLOSEOUT,SEND_TO_NOLIJ,SET_STATUS_TO_RESULTS_DUE,REACTIVATE_GOALS,APPOINTMENT_TYPE) values (44160,'goalsApprovalDue','reviewer',null,null,null,null,null,null,null,null,null,null,null,null,null,'y',null,null,null,'Professional Faculty');
Insert into PERMISSION_RULES (ID,STATUS,ROLE,APPROVED_GOALS,UNAPPROVED_GOALS,GOAL_COMMENTS,RESULTS,SUPERVISOR_RESULTS,EVALUATION,REVIEW,EMPLOYEE_RESPONSE,REBUTTAL_READ,SECONDARY_SUBMIT,SUBMIT,ACTION_REQUIRED,DOWNLOAD_PDF,CLOSEOUT,SEND_TO_NOLIJ,SET_STATUS_TO_RESULTS_DUE,REACTIVATE_GOALS,APPOINTMENT_TYPE) values (44161,'goalsApprovalDue','superAdmin',null,null,null,null,null,null,null,null,null,null,null,null,null,'y',null,null,null,'Professional Faculty');
Insert into PERMISSION_RULES (ID,STATUS,ROLE,APPROVED_GOALS,UNAPPROVED_GOALS,GOAL_COMMENTS,RESULTS,SUPERVISOR_RESULTS,EVALUATION,REVIEW,EMPLOYEE_RESPONSE,REBUTTAL_READ,SECONDARY_SUBMIT,SUBMIT,ACTION_REQUIRED,DOWNLOAD_PDF,CLOSEOUT,SEND_TO_NOLIJ,SET_STATUS_TO_RESULTS_DUE,REACTIVATE_GOALS,APPOINTMENT_TYPE) values (44162,'goalsApproved','reviewer',null,null,null,null,null,null,null,null,null,null,null,null,null,'y',null,'y',null,'Professional Faculty');
Insert into PERMISSION_RULES (ID,STATUS,ROLE,APPROVED_GOALS,UNAPPROVED_GOALS,GOAL_COMMENTS,RESULTS,SUPERVISOR_RESULTS,EVALUATION,REVIEW,EMPLOYEE_RESPONSE,REBUTTAL_READ,SECONDARY_SUBMIT,SUBMIT,ACTION_REQUIRED,DOWNLOAD_PDF,CLOSEOUT,SEND_TO_NOLIJ,SET_STATUS_TO_RESULTS_DUE,REACTIVATE_GOALS,APPOINTMENT_TYPE) values (44163,'goalsApproved','superAdmin',null,null,null,null,null,null,null,null,null,null,null,null,null,'y',null,'y',null,'Professional Faculty');
Insert into PERMISSION_RULES (ID,STATUS,ROLE,APPROVED_GOALS,UNAPPROVED_GOALS,GOAL_COMMENTS,RESULTS,SUPERVISOR_RESULTS,EVALUATION,REVIEW,EMPLOYEE_RESPONSE,REBUTTAL_READ,SECONDARY_SUBMIT,SUBMIT,ACTION_REQUIRED,DOWNLOAD_PDF,CLOSEOUT,SEND_TO_NOLIJ,SET_STATUS_TO_RESULTS_DUE,REACTIVATE_GOALS,APPOINTMENT_TYPE) values (44164,'goalsDue','reviewer',null,null,null,null,null,null,null,null,null,null,null,null,null,'y',null,null,null,'Professional Faculty');
Insert into PERMISSION_RULES (ID,STATUS,ROLE,APPROVED_GOALS,UNAPPROVED_GOALS,GOAL_COMMENTS,RESULTS,SUPERVISOR_RESULTS,EVALUATION,REVIEW,EMPLOYEE_RESPONSE,REBUTTAL_READ,SECONDARY_SUBMIT,SUBMIT,ACTION_REQUIRED,DOWNLOAD_PDF,CLOSEOUT,SEND_TO_NOLIJ,SET_STATUS_TO_RESULTS_DUE,REACTIVATE_GOALS,APPOINTMENT_TYPE) values (44165,'goalsDue','superAdmin',null,null,null,null,null,null,null,null,null,null,null,null,null,'y',null,null,null,'Professional Faculty');
Insert into PERMISSION_RULES (ID,STATUS,ROLE,APPROVED_GOALS,UNAPPROVED_GOALS,GOAL_COMMENTS,RESULTS,SUPERVISOR_RESULTS,EVALUATION,REVIEW,EMPLOYEE_RESPONSE,REBUTTAL_READ,SECONDARY_SUBMIT,SUBMIT,ACTION_REQUIRED,DOWNLOAD_PDF,CLOSEOUT,SEND_TO_NOLIJ,SET_STATUS_TO_RESULTS_DUE,REACTIVATE_GOALS,APPOINTMENT_TYPE) values (44166,'goalsReactivated','reviewer',null,null,null,null,null,null,null,null,null,null,null,null,null,'y',null,'y',null,'Professional Faculty');
Insert into PERMISSION_RULES (ID,STATUS,ROLE,APPROVED_GOALS,UNAPPROVED_GOALS,GOAL_COMMENTS,RESULTS,SUPERVISOR_RESULTS,EVALUATION,REVIEW,EMPLOYEE_RESPONSE,REBUTTAL_READ,SECONDARY_SUBMIT,SUBMIT,ACTION_REQUIRED,DOWNLOAD_PDF,CLOSEOUT,SEND_TO_NOLIJ,SET_STATUS_TO_RESULTS_DUE,REACTIVATE_GOALS,APPOINTMENT_TYPE) values (44167,'goalsReactivated','superAdmin',null,null,null,null,null,null,null,null,null,null,null,null,null,'y',null,'y',null,'Professional Faculty');
Insert into PERMISSION_RULES (ID,STATUS,ROLE,APPROVED_GOALS,UNAPPROVED_GOALS,GOAL_COMMENTS,RESULTS,SUPERVISOR_RESULTS,EVALUATION,REVIEW,EMPLOYEE_RESPONSE,REBUTTAL_READ,SECONDARY_SUBMIT,SUBMIT,ACTION_REQUIRED,DOWNLOAD_PDF,CLOSEOUT,SEND_TO_NOLIJ,SET_STATUS_TO_RESULTS_DUE,REACTIVATE_GOALS,APPOINTMENT_TYPE) values (44168,'goalsReactivationRequested','reviewer',null,null,null,null,null,null,null,null,null,null,null,null,null,'y',null,'y',null,'Professional Faculty');
Insert into PERMISSION_RULES (ID,STATUS,ROLE,APPROVED_GOALS,UNAPPROVED_GOALS,GOAL_COMMENTS,RESULTS,SUPERVISOR_RESULTS,EVALUATION,REVIEW,EMPLOYEE_RESPONSE,REBUTTAL_READ,SECONDARY_SUBMIT,SUBMIT,ACTION_REQUIRED,DOWNLOAD_PDF,CLOSEOUT,SEND_TO_NOLIJ,SET_STATUS_TO_RESULTS_DUE,REACTIVATE_GOALS,APPOINTMENT_TYPE) values (44169,'goalsReactivationRequested','superAdmin',null,null,null,null,null,null,null,null,null,null,null,null,null,'y',null,'y',null,'Professional Faculty');
Insert into PERMISSION_RULES (ID,STATUS,ROLE,APPROVED_GOALS,UNAPPROVED_GOALS,GOAL_COMMENTS,RESULTS,SUPERVISOR_RESULTS,EVALUATION,REVIEW,EMPLOYEE_RESPONSE,REBUTTAL_READ,SECONDARY_SUBMIT,SUBMIT,ACTION_REQUIRED,DOWNLOAD_PDF,CLOSEOUT,SEND_TO_NOLIJ,SET_STATUS_TO_RESULTS_DUE,REACTIVATE_GOALS,APPOINTMENT_TYPE) values (44170,'goalsRequiredModification','reviewer',null,null,null,null,null,null,null,null,null,null,null,null,null,'y',null,null,null,'Professional Faculty');
Insert into PERMISSION_RULES (ID,STATUS,ROLE,APPROVED_GOALS,UNAPPROVED_GOALS,GOAL_COMMENTS,RESULTS,SUPERVISOR_RESULTS,EVALUATION,REVIEW,EMPLOYEE_RESPONSE,REBUTTAL_READ,SECONDARY_SUBMIT,SUBMIT,ACTION_REQUIRED,DOWNLOAD_PDF,CLOSEOUT,SEND_TO_NOLIJ,SET_STATUS_TO_RESULTS_DUE,REACTIVATE_GOALS,APPOINTMENT_TYPE) values (44171,'goalsRequiredModification','superAdmin',null,null,null,null,null,null,null,null,null,null,null,null,null,'y',null,null,null,'Professional Faculty');
Insert into PERMISSION_RULES (ID,STATUS,ROLE,APPROVED_GOALS,UNAPPROVED_GOALS,GOAL_COMMENTS,RESULTS,SUPERVISOR_RESULTS,EVALUATION,REVIEW,EMPLOYEE_RESPONSE,REBUTTAL_READ,SECONDARY_SUBMIT,SUBMIT,ACTION_REQUIRED,DOWNLOAD_PDF,CLOSEOUT,SEND_TO_NOLIJ,SET_STATUS_TO_RESULTS_DUE,REACTIVATE_GOALS,APPOINTMENT_TYPE) values (44172,'rebuttalReadDue','reviewer',null,null,null,null,null,null,null,null,null,null,null,null,null,'y',null,null,null,'Professional Faculty');
Insert into PERMISSION_RULES (ID,STATUS,ROLE,APPROVED_GOALS,UNAPPROVED_GOALS,GOAL_COMMENTS,RESULTS,SUPERVISOR_RESULTS,EVALUATION,REVIEW,EMPLOYEE_RESPONSE,REBUTTAL_READ,SECONDARY_SUBMIT,SUBMIT,ACTION_REQUIRED,DOWNLOAD_PDF,CLOSEOUT,SEND_TO_NOLIJ,SET_STATUS_TO_RESULTS_DUE,REACTIVATE_GOALS,APPOINTMENT_TYPE) values (44173,'rebuttalReadDue','superAdmin',null,null,null,null,null,null,null,null,null,null,null,null,null,'y',null,null,null,'Professional Faculty');
Insert into PERMISSION_RULES (ID,STATUS,ROLE,APPROVED_GOALS,UNAPPROVED_GOALS,GOAL_COMMENTS,RESULTS,SUPERVISOR_RESULTS,EVALUATION,REVIEW,EMPLOYEE_RESPONSE,REBUTTAL_READ,SECONDARY_SUBMIT,SUBMIT,ACTION_REQUIRED,DOWNLOAD_PDF,CLOSEOUT,SEND_TO_NOLIJ,SET_STATUS_TO_RESULTS_DUE,REACTIVATE_GOALS,APPOINTMENT_TYPE) values (44174,'resultsDue','reviewer',null,null,null,null,null,null,null,null,null,null,null,null,null,'y',null,null,null,'Professional Faculty');
Insert into PERMISSION_RULES (ID,STATUS,ROLE,APPROVED_GOALS,UNAPPROVED_GOALS,GOAL_COMMENTS,RESULTS,SUPERVISOR_RESULTS,EVALUATION,REVIEW,EMPLOYEE_RESPONSE,REBUTTAL_READ,SECONDARY_SUBMIT,SUBMIT,ACTION_REQUIRED,DOWNLOAD_PDF,CLOSEOUT,SEND_TO_NOLIJ,SET_STATUS_TO_RESULTS_DUE,REACTIVATE_GOALS,APPOINTMENT_TYPE) values (44175,'resultsDue','superAdmin',null,null,null,null,null,null,null,null,null,null,null,null,null,'y',null,null,null,'Professional Faculty');
Insert into PERMISSION_RULES (ID,STATUS,ROLE,APPROVED_GOALS,UNAPPROVED_GOALS,GOAL_COMMENTS,RESULTS,SUPERVISOR_RESULTS,EVALUATION,REVIEW,EMPLOYEE_RESPONSE,REBUTTAL_READ,SECONDARY_SUBMIT,SUBMIT,ACTION_REQUIRED,DOWNLOAD_PDF,CLOSEOUT,SEND_TO_NOLIJ,SET_STATUS_TO_RESULTS_DUE,REACTIVATE_GOALS,APPOINTMENT_TYPE) values (44176,'signatureDue','reviewer',null,null,null,null,null,null,null,null,null,null,null,null,null,'y',null,null,null,'Professional Faculty');
Insert into PERMISSION_RULES (ID,STATUS,ROLE,APPROVED_GOALS,UNAPPROVED_GOALS,GOAL_COMMENTS,RESULTS,SUPERVISOR_RESULTS,EVALUATION,REVIEW,EMPLOYEE_RESPONSE,REBUTTAL_READ,SECONDARY_SUBMIT,SUBMIT,ACTION_REQUIRED,DOWNLOAD_PDF,CLOSEOUT,SEND_TO_NOLIJ,SET_STATUS_TO_RESULTS_DUE,REACTIVATE_GOALS,APPOINTMENT_TYPE) values (44177,'signatureDue','superAdmin',null,null,null,null,null,null,null,null,null,null,null,null,null,'y',null,null,null,'Professional Faculty');
Insert into PERMISSION_RULES (ID,STATUS,ROLE,APPROVED_GOALS,UNAPPROVED_GOALS,GOAL_COMMENTS,RESULTS,SUPERVISOR_RESULTS,EVALUATION,REVIEW,EMPLOYEE_RESPONSE,REBUTTAL_READ,SECONDARY_SUBMIT,SUBMIT,ACTION_REQUIRED,DOWNLOAD_PDF,CLOSEOUT,SEND_TO_NOLIJ,SET_STATUS_TO_RESULTS_DUE,REACTIVATE_GOALS,APPOINTMENT_TYPE) values (44178,'appraisalDue','masterAdmin','v',null,null,'v',null,null,null,null,null,null,null,null,'y','y',null,null,null,'Professional Faculty');
Insert into PERMISSION_RULES (ID,STATUS,ROLE,APPROVED_GOALS,UNAPPROVED_GOALS,GOAL_COMMENTS,RESULTS,SUPERVISOR_RESULTS,EVALUATION,REVIEW,EMPLOYEE_RESPONSE,REBUTTAL_READ,SECONDARY_SUBMIT,SUBMIT,ACTION_REQUIRED,DOWNLOAD_PDF,CLOSEOUT,SEND_TO_NOLIJ,SET_STATUS_TO_RESULTS_DUE,REACTIVATE_GOALS,APPOINTMENT_TYPE) values (44179,'closed','masterAdmin','v',null,null,null,null,null,null,null,null,null,null,null,null,null,null,null,null,'Professional Faculty');
Insert into PERMISSION_RULES (ID,STATUS,ROLE,APPROVED_GOALS,UNAPPROVED_GOALS,GOAL_COMMENTS,RESULTS,SUPERVISOR_RESULTS,EVALUATION,REVIEW,EMPLOYEE_RESPONSE,REBUTTAL_READ,SECONDARY_SUBMIT,SUBMIT,ACTION_REQUIRED,DOWNLOAD_PDF,CLOSEOUT,SEND_TO_NOLIJ,SET_STATUS_TO_RESULTS_DUE,REACTIVATE_GOALS,APPOINTMENT_TYPE) values (44180,'completed','masterAdmin','v',null,null,'v','v','v','v','v',null,null,null,null,'y',null,null,null,null,'Professional Faculty');
Insert into PERMISSION_RULES (ID,STATUS,ROLE,APPROVED_GOALS,UNAPPROVED_GOALS,GOAL_COMMENTS,RESULTS,SUPERVISOR_RESULTS,EVALUATION,REVIEW,EMPLOYEE_RESPONSE,REBUTTAL_READ,SECONDARY_SUBMIT,SUBMIT,ACTION_REQUIRED,DOWNLOAD_PDF,CLOSEOUT,SEND_TO_NOLIJ,SET_STATUS_TO_RESULTS_DUE,REACTIVATE_GOALS,APPOINTMENT_TYPE) values (44181,'goalsApprovalDue','masterAdmin','v',null,null,null,null,null,null,null,null,null,null,null,'y','y',null,null,null,'Professional Faculty');
Insert into PERMISSION_RULES (ID,STATUS,ROLE,APPROVED_GOALS,UNAPPROVED_GOALS,GOAL_COMMENTS,RESULTS,SUPERVISOR_RESULTS,EVALUATION,REVIEW,EMPLOYEE_RESPONSE,REBUTTAL_READ,SECONDARY_SUBMIT,SUBMIT,ACTION_REQUIRED,DOWNLOAD_PDF,CLOSEOUT,SEND_TO_NOLIJ,SET_STATUS_TO_RESULTS_DUE,REACTIVATE_GOALS,APPOINTMENT_TYPE) values (44182,'goalsApproved','masterAdmin','v',null,null,null,null,null,null,null,null,null,null,null,'y','y',null,'y',null,'Professional Faculty');
Insert into PERMISSION_RULES (ID,STATUS,ROLE,APPROVED_GOALS,UNAPPROVED_GOALS,GOAL_COMMENTS,RESULTS,SUPERVISOR_RESULTS,EVALUATION,REVIEW,EMPLOYEE_RESPONSE,REBUTTAL_READ,SECONDARY_SUBMIT,SUBMIT,ACTION_REQUIRED,DOWNLOAD_PDF,CLOSEOUT,SEND_TO_NOLIJ,SET_STATUS_TO_RESULTS_DUE,REACTIVATE_GOALS,APPOINTMENT_TYPE) values (44183,'goalsDue','masterAdmin',null,null,null,null,null,null,null,null,null,null,null,null,'y','y',null,null,null,'Professional Faculty');
Insert into PERMISSION_RULES (ID,STATUS,ROLE,APPROVED_GOALS,UNAPPROVED_GOALS,GOAL_COMMENTS,RESULTS,SUPERVISOR_RESULTS,EVALUATION,REVIEW,EMPLOYEE_RESPONSE,REBUTTAL_READ,SECONDARY_SUBMIT,SUBMIT,ACTION_REQUIRED,DOWNLOAD_PDF,CLOSEOUT,SEND_TO_NOLIJ,SET_STATUS_TO_RESULTS_DUE,REACTIVATE_GOALS,APPOINTMENT_TYPE) values (44251,'rebuttalReadDue','upper-supervisor','v',null,null,'v','v','v',null,'v',null,null,null,null,'y',null,null,null,null,'Ranked Faculty');
Insert into PERMISSION_RULES (ID,STATUS,ROLE,APPROVED_GOALS,UNAPPROVED_GOALS,GOAL_COMMENTS,RESULTS,SUPERVISOR_RESULTS,EVALUATION,REVIEW,EMPLOYEE_RESPONSE,REBUTTAL_READ,SECONDARY_SUBMIT,SUBMIT,ACTION_REQUIRED,DOWNLOAD_PDF,CLOSEOUT,SEND_TO_NOLIJ,SET_STATUS_TO_RESULTS_DUE,REACTIVATE_GOALS,APPOINTMENT_TYPE) values (44252,'employeeReviewDue','employee','v',null,null,'v','v','v','e',null,null,null,'submit-review','action-required-employee-review-due','y',null,null,null,null,'Ranked Faculty');
Insert into PERMISSION_RULES (ID,STATUS,ROLE,APPROVED_GOALS,UNAPPROVED_GOALS,GOAL_COMMENTS,RESULTS,SUPERVISOR_RESULTS,EVALUATION,REVIEW,EMPLOYEE_RESPONSE,REBUTTAL_READ,SECONDARY_SUBMIT,SUBMIT,ACTION_REQUIRED,DOWNLOAD_PDF,CLOSEOUT,SEND_TO_NOLIJ,SET_STATUS_TO_RESULTS_DUE,REACTIVATE_GOALS,APPOINTMENT_TYPE) values (44253,'employeeReviewDue','supervisor','v',null,null,'v','v','v',null,null,null,null,null,'action-team-employee-review-due','y',null,null,null,null,'Ranked Faculty');
Insert into PERMISSION_RULES (ID,STATUS,ROLE,APPROVED_GOALS,UNAPPROVED_GOALS,GOAL_COMMENTS,RESULTS,SUPERVISOR_RESULTS,EVALUATION,REVIEW,EMPLOYEE_RESPONSE,REBUTTAL_READ,SECONDARY_SUBMIT,SUBMIT,ACTION_REQUIRED,DOWNLOAD_PDF,CLOSEOUT,SEND_TO_NOLIJ,SET_STATUS_TO_RESULTS_DUE,REACTIVATE_GOALS,APPOINTMENT_TYPE) values (44254,'employeeReviewDue','reviewer',null,null,null,null,null,null,null,null,null,null,null,null,null,'y',null,null,null,'Ranked Faculty');
Insert into PERMISSION_RULES (ID,STATUS,ROLE,APPROVED_GOALS,UNAPPROVED_GOALS,GOAL_COMMENTS,RESULTS,SUPERVISOR_RESULTS,EVALUATION,REVIEW,EMPLOYEE_RESPONSE,REBUTTAL_READ,SECONDARY_SUBMIT,SUBMIT,ACTION_REQUIRED,DOWNLOAD_PDF,CLOSEOUT,SEND_TO_NOLIJ,SET_STATUS_TO_RESULTS_DUE,REACTIVATE_GOALS,APPOINTMENT_TYPE) values (44255,'employeeReviewDue','upper-supervisor','v',null,null,'v','v','v',null,null,null,null,null,null,'y',null,null,null,null,'Ranked Faculty');
Insert into PERMISSION_RULES (ID,STATUS,ROLE,APPROVED_GOALS,UNAPPROVED_GOALS,GOAL_COMMENTS,RESULTS,SUPERVISOR_RESULTS,EVALUATION,REVIEW,EMPLOYEE_RESPONSE,REBUTTAL_READ,SECONDARY_SUBMIT,SUBMIT,ACTION_REQUIRED,DOWNLOAD_PDF,CLOSEOUT,SEND_TO_NOLIJ,SET_STATUS_TO_RESULTS_DUE,REACTIVATE_GOALS,APPOINTMENT_TYPE) values (44256,'employeeReviewDue','superAdmin',null,null,null,null,null,null,null,null,null,null,null,null,null,'y',null,null,null,'Ranked Faculty');
Insert into PERMISSION_RULES (ID,STATUS,ROLE,APPROVED_GOALS,UNAPPROVED_GOALS,GOAL_COMMENTS,RESULTS,SUPERVISOR_RESULTS,EVALUATION,REVIEW,EMPLOYEE_RESPONSE,REBUTTAL_READ,SECONDARY_SUBMIT,SUBMIT,ACTION_REQUIRED,DOWNLOAD_PDF,CLOSEOUT,SEND_TO_NOLIJ,SET_STATUS_TO_RESULTS_DUE,REACTIVATE_GOALS,APPOINTMENT_TYPE) values (44257,'employeeReviewDue','masterAdmin','v',null,null,'v','v','v',null,null,null,null,null,null,'y','y',null,null,null,'Ranked Faculty');
Insert into PERMISSION_RULES (ID,STATUS,ROLE,APPROVED_GOALS,UNAPPROVED_GOALS,GOAL_COMMENTS,RESULTS,SUPERVISOR_RESULTS,EVALUATION,REVIEW,EMPLOYEE_RESPONSE,REBUTTAL_READ,SECONDARY_SUBMIT,SUBMIT,ACTION_REQUIRED,DOWNLOAD_PDF,CLOSEOUT,SEND_TO_NOLIJ,SET_STATUS_TO_RESULTS_DUE,REACTIVATE_GOALS,APPOINTMENT_TYPE) values (44258,'releaseDue','employee','v',null,null,'v',null,null,'v',null,null,null,null,null,'y',null,null,null,null,'Ranked Faculty');
Insert into PERMISSION_RULES (ID,STATUS,ROLE,APPROVED_GOALS,UNAPPROVED_GOALS,GOAL_COMMENTS,RESULTS,SUPERVISOR_RESULTS,EVALUATION,REVIEW,EMPLOYEE_RESPONSE,REBUTTAL_READ,SECONDARY_SUBMIT,SUBMIT,ACTION_REQUIRED,DOWNLOAD_PDF,CLOSEOUT,SEND_TO_NOLIJ,SET_STATUS_TO_RESULTS_DUE,REACTIVATE_GOALS,APPOINTMENT_TYPE) values (44259,'releaseDue','reviewer',null,null,null,null,null,null,null,null,null,null,null,null,null,'y',null,null,null,'Ranked Faculty');
Insert into PERMISSION_RULES (ID,STATUS,ROLE,APPROVED_GOALS,UNAPPROVED_GOALS,GOAL_COMMENTS,RESULTS,SUPERVISOR_RESULTS,EVALUATION,REVIEW,EMPLOYEE_RESPONSE,REBUTTAL_READ,SECONDARY_SUBMIT,SUBMIT,ACTION_REQUIRED,DOWNLOAD_PDF,CLOSEOUT,SEND_TO_NOLIJ,SET_STATUS_TO_RESULTS_DUE,REACTIVATE_GOALS,APPOINTMENT_TYPE) values (44260,'releaseDue','superAdmin',null,null,null,null,null,null,null,null,null,null,null,null,null,'y',null,null,null,'Ranked Faculty');
Insert into PERMISSION_RULES (ID,STATUS,ROLE,APPROVED_GOALS,UNAPPROVED_GOALS,GOAL_COMMENTS,RESULTS,SUPERVISOR_RESULTS,EVALUATION,REVIEW,EMPLOYEE_RESPONSE,REBUTTAL_READ,SECONDARY_SUBMIT,SUBMIT,ACTION_REQUIRED,DOWNLOAD_PDF,CLOSEOUT,SEND_TO_NOLIJ,SET_STATUS_TO_RESULTS_DUE,REACTIVATE_GOALS,APPOINTMENT_TYPE) values (44261,'releaseDue','masterAdmin','v',null,null,'v',null,null,'v',null,null,null,null,null,'y','y',null,null,null,'Ranked Faculty');
Insert into PERMISSION_RULES (ID,STATUS,ROLE,APPROVED_GOALS,UNAPPROVED_GOALS,GOAL_COMMENTS,RESULTS,SUPERVISOR_RESULTS,EVALUATION,REVIEW,EMPLOYEE_RESPONSE,REBUTTAL_READ,SECONDARY_SUBMIT,SUBMIT,ACTION_REQUIRED,DOWNLOAD_PDF,CLOSEOUT,SEND_TO_NOLIJ,SET_STATUS_TO_RESULTS_DUE,REACTIVATE_GOALS,APPOINTMENT_TYPE) values (44184,'goalsReactivated','masterAdmin','v',null,null,null,null,null,null,null,null,null,null,null,'y','y',null,'y',null,'Professional Faculty');
Insert into PERMISSION_RULES (ID,STATUS,ROLE,APPROVED_GOALS,UNAPPROVED_GOALS,GOAL_COMMENTS,RESULTS,SUPERVISOR_RESULTS,EVALUATION,REVIEW,EMPLOYEE_RESPONSE,REBUTTAL_READ,SECONDARY_SUBMIT,SUBMIT,ACTION_REQUIRED,DOWNLOAD_PDF,CLOSEOUT,SEND_TO_NOLIJ,SET_STATUS_TO_RESULTS_DUE,REACTIVATE_GOALS,APPOINTMENT_TYPE) values (44185,'goalsReactivationRequested','masterAdmin','v',null,null,null,null,null,null,null,null,null,null,null,'y','y',null,'y',null,'Professional Faculty');
Insert into PERMISSION_RULES (ID,STATUS,ROLE,APPROVED_GOALS,UNAPPROVED_GOALS,GOAL_COMMENTS,RESULTS,SUPERVISOR_RESULTS,EVALUATION,REVIEW,EMPLOYEE_RESPONSE,REBUTTAL_READ,SECONDARY_SUBMIT,SUBMIT,ACTION_REQUIRED,DOWNLOAD_PDF,CLOSEOUT,SEND_TO_NOLIJ,SET_STATUS_TO_RESULTS_DUE,REACTIVATE_GOALS,APPOINTMENT_TYPE) values (44186,'goalsRequiredModification','masterAdmin','v',null,'v',null,null,null,null,null,null,null,null,null,'y','y',null,null,null,'Professional Faculty');
Insert into PERMISSION_RULES (ID,STATUS,ROLE,APPROVED_GOALS,UNAPPROVED_GOALS,GOAL_COMMENTS,RESULTS,SUPERVISOR_RESULTS,EVALUATION,REVIEW,EMPLOYEE_RESPONSE,REBUTTAL_READ,SECONDARY_SUBMIT,SUBMIT,ACTION_REQUIRED,DOWNLOAD_PDF,CLOSEOUT,SEND_TO_NOLIJ,SET_STATUS_TO_RESULTS_DUE,REACTIVATE_GOALS,APPOINTMENT_TYPE) values (44187,'rebuttalReadDue','masterAdmin','v',null,null,'v','v','v','v','v',null,null,null,null,'y',null,null,null,null,'Professional Faculty');
Insert into PERMISSION_RULES (ID,STATUS,ROLE,APPROVED_GOALS,UNAPPROVED_GOALS,GOAL_COMMENTS,RESULTS,SUPERVISOR_RESULTS,EVALUATION,REVIEW,EMPLOYEE_RESPONSE,REBUTTAL_READ,SECONDARY_SUBMIT,SUBMIT,ACTION_REQUIRED,DOWNLOAD_PDF,CLOSEOUT,SEND_TO_NOLIJ,SET_STATUS_TO_RESULTS_DUE,REACTIVATE_GOALS,APPOINTMENT_TYPE) values (44188,'resultsDue','masterAdmin','v',null,null,null,null,null,null,null,null,null,null,null,'y','y',null,null,null,'Professional Faculty');
Insert into PERMISSION_RULES (ID,STATUS,ROLE,APPROVED_GOALS,UNAPPROVED_GOALS,GOAL_COMMENTS,RESULTS,SUPERVISOR_RESULTS,EVALUATION,REVIEW,EMPLOYEE_RESPONSE,REBUTTAL_READ,SECONDARY_SUBMIT,SUBMIT,ACTION_REQUIRED,DOWNLOAD_PDF,CLOSEOUT,SEND_TO_NOLIJ,SET_STATUS_TO_RESULTS_DUE,REACTIVATE_GOALS,APPOINTMENT_TYPE) values (44189,'signatureDue','masterAdmin','v',null,null,'v','v','v','v',null,null,null,null,null,'y','y',null,null,null,'Professional Faculty');
Insert into PERMISSION_RULES (ID,STATUS,ROLE,APPROVED_GOALS,UNAPPROVED_GOALS,GOAL_COMMENTS,RESULTS,SUPERVISOR_RESULTS,EVALUATION,REVIEW,EMPLOYEE_RESPONSE,REBUTTAL_READ,SECONDARY_SUBMIT,SUBMIT,ACTION_REQUIRED,DOWNLOAD_PDF,CLOSEOUT,SEND_TO_NOLIJ,SET_STATUS_TO_RESULTS_DUE,REACTIVATE_GOALS,APPOINTMENT_TYPE) values (44190,'signatureDue','supervisor','v',null,null,'v','v','v',null,null,null,null,null,'action-team-signature-due','y',null,null,null,null,'Professional Faculty');
Insert into PERMISSION_RULES (ID,STATUS,ROLE,APPROVED_GOALS,UNAPPROVED_GOALS,GOAL_COMMENTS,RESULTS,SUPERVISOR_RESULTS,EVALUATION,REVIEW,EMPLOYEE_RESPONSE,REBUTTAL_READ,SECONDARY_SUBMIT,SUBMIT,ACTION_REQUIRED,DOWNLOAD_PDF,CLOSEOUT,SEND_TO_NOLIJ,SET_STATUS_TO_RESULTS_DUE,REACTIVATE_GOALS,APPOINTMENT_TYPE) values (44191,'signatureDue','upper-supervisor','v',null,null,'v','v','v',null,null,null,null,null,null,'y',null,null,null,null,'Professional Faculty');
Insert into PERMISSION_RULES (ID,STATUS,ROLE,APPROVED_GOALS,UNAPPROVED_GOALS,GOAL_COMMENTS,RESULTS,SUPERVISOR_RESULTS,EVALUATION,REVIEW,EMPLOYEE_RESPONSE,REBUTTAL_READ,SECONDARY_SUBMIT,SUBMIT,ACTION_REQUIRED,DOWNLOAD_PDF,CLOSEOUT,SEND_TO_NOLIJ,SET_STATUS_TO_RESULTS_DUE,REACTIVATE_GOALS,APPOINTMENT_TYPE) values (44192,'completed','supervisor','v',null,null,'v','v','v',null,'v',null,null,null,null,'y',null,null,null,null,'Professional Faculty');
Insert into PERMISSION_RULES (ID,STATUS,ROLE,APPROVED_GOALS,UNAPPROVED_GOALS,GOAL_COMMENTS,RESULTS,SUPERVISOR_RESULTS,EVALUATION,REVIEW,EMPLOYEE_RESPONSE,REBUTTAL_READ,SECONDARY_SUBMIT,SUBMIT,ACTION_REQUIRED,DOWNLOAD_PDF,CLOSEOUT,SEND_TO_NOLIJ,SET_STATUS_TO_RESULTS_DUE,REACTIVATE_GOALS,APPOINTMENT_TYPE) values (44193,'completed','upper-supervisor','v',null,null,'v','v','v',null,'v',null,null,null,null,'y',null,null,null,null,'Professional Faculty');
Insert into PERMISSION_RULES (ID,STATUS,ROLE,APPROVED_GOALS,UNAPPROVED_GOALS,GOAL_COMMENTS,RESULTS,SUPERVISOR_RESULTS,EVALUATION,REVIEW,EMPLOYEE_RESPONSE,REBUTTAL_READ,SECONDARY_SUBMIT,SUBMIT,ACTION_REQUIRED,DOWNLOAD_PDF,CLOSEOUT,SEND_TO_NOLIJ,SET_STATUS_TO_RESULTS_DUE,REACTIVATE_GOALS,APPOINTMENT_TYPE) values (44194,'closed','supervisor','v',null,null,'v','v','v',null,'v',null,null,null,null,'y',null,null,null,null,'Professional Faculty');
Insert into PERMISSION_RULES (ID,STATUS,ROLE,APPROVED_GOALS,UNAPPROVED_GOALS,GOAL_COMMENTS,RESULTS,SUPERVISOR_RESULTS,EVALUATION,REVIEW,EMPLOYEE_RESPONSE,REBUTTAL_READ,SECONDARY_SUBMIT,SUBMIT,ACTION_REQUIRED,DOWNLOAD_PDF,CLOSEOUT,SEND_TO_NOLIJ,SET_STATUS_TO_RESULTS_DUE,REACTIVATE_GOALS,APPOINTMENT_TYPE) values (44195,'closed','upper-supervisor','v',null,null,'v','v','v',null,'v',null,null,null,null,'y',null,null,null,null,'Professional Faculty');
Insert into PERMISSION_RULES (ID,STATUS,ROLE,APPROVED_GOALS,UNAPPROVED_GOALS,GOAL_COMMENTS,RESULTS,SUPERVISOR_RESULTS,EVALUATION,REVIEW,EMPLOYEE_RESPONSE,REBUTTAL_READ,SECONDARY_SUBMIT,SUBMIT,ACTION_REQUIRED,DOWNLOAD_PDF,CLOSEOUT,SEND_TO_NOLIJ,SET_STATUS_TO_RESULTS_DUE,REACTIVATE_GOALS,APPOINTMENT_TYPE) values (44196,'rebuttalReadDue','supervisor','v',null,null,'v','v','v',null,'v','e',null,'read-appraisal-rebuttal','action-required-rebuttal-read-due','y',null,null,null,null,'Professional Faculty');
Insert into PERMISSION_RULES (ID,STATUS,ROLE,APPROVED_GOALS,UNAPPROVED_GOALS,GOAL_COMMENTS,RESULTS,SUPERVISOR_RESULTS,EVALUATION,REVIEW,EMPLOYEE_RESPONSE,REBUTTAL_READ,SECONDARY_SUBMIT,SUBMIT,ACTION_REQUIRED,DOWNLOAD_PDF,CLOSEOUT,SEND_TO_NOLIJ,SET_STATUS_TO_RESULTS_DUE,REACTIVATE_GOALS,APPOINTMENT_TYPE) values (44197,'rebuttalReadDue','upper-supervisor','v',null,null,'v','v','v',null,'v',null,null,null,null,'y',null,null,null,null,'Professional Faculty');
Insert into PERMISSION_RULES (ID,STATUS,ROLE,APPROVED_GOALS,UNAPPROVED_GOALS,GOAL_COMMENTS,RESULTS,SUPERVISOR_RESULTS,EVALUATION,REVIEW,EMPLOYEE_RESPONSE,REBUTTAL_READ,SECONDARY_SUBMIT,SUBMIT,ACTION_REQUIRED,DOWNLOAD_PDF,CLOSEOUT,SEND_TO_NOLIJ,SET_STATUS_TO_RESULTS_DUE,REACTIVATE_GOALS,APPOINTMENT_TYPE) values (44198,'employeeReviewDue','employee','v',null,null,'v','v','v','e',null,null,null,'submit-review','action-required-employee-review-due','y',null,null,null,null,'Professional Faculty');
Insert into PERMISSION_RULES (ID,STATUS,ROLE,APPROVED_GOALS,UNAPPROVED_GOALS,GOAL_COMMENTS,RESULTS,SUPERVISOR_RESULTS,EVALUATION,REVIEW,EMPLOYEE_RESPONSE,REBUTTAL_READ,SECONDARY_SUBMIT,SUBMIT,ACTION_REQUIRED,DOWNLOAD_PDF,CLOSEOUT,SEND_TO_NOLIJ,SET_STATUS_TO_RESULTS_DUE,REACTIVATE_GOALS,APPOINTMENT_TYPE) values (44199,'employeeReviewDue','supervisor','v',null,null,'v','v','v',null,null,null,null,null,'action-team-employee-review-due','y',null,null,null,null,'Professional Faculty');
Insert into PERMISSION_RULES (ID,STATUS,ROLE,APPROVED_GOALS,UNAPPROVED_GOALS,GOAL_COMMENTS,RESULTS,SUPERVISOR_RESULTS,EVALUATION,REVIEW,EMPLOYEE_RESPONSE,REBUTTAL_READ,SECONDARY_SUBMIT,SUBMIT,ACTION_REQUIRED,DOWNLOAD_PDF,CLOSEOUT,SEND_TO_NOLIJ,SET_STATUS_TO_RESULTS_DUE,REACTIVATE_GOALS,APPOINTMENT_TYPE) values (44200,'employeeReviewDue','reviewer',null,null,null,null,null,null,null,null,null,null,null,null,null,'y',null,null,null,'Professional Faculty');
Insert into PERMISSION_RULES (ID,STATUS,ROLE,APPROVED_GOALS,UNAPPROVED_GOALS,GOAL_COMMENTS,RESULTS,SUPERVISOR_RESULTS,EVALUATION,REVIEW,EMPLOYEE_RESPONSE,REBUTTAL_READ,SECONDARY_SUBMIT,SUBMIT,ACTION_REQUIRED,DOWNLOAD_PDF,CLOSEOUT,SEND_TO_NOLIJ,SET_STATUS_TO_RESULTS_DUE,REACTIVATE_GOALS,APPOINTMENT_TYPE) values (44201,'employeeReviewDue','upper-supervisor','v',null,null,'v','v','v',null,null,null,null,null,null,'y',null,null,null,null,'Professional Faculty');
Insert into PERMISSION_RULES (ID,STATUS,ROLE,APPROVED_GOALS,UNAPPROVED_GOALS,GOAL_COMMENTS,RESULTS,SUPERVISOR_RESULTS,EVALUATION,REVIEW,EMPLOYEE_RESPONSE,REBUTTAL_READ,SECONDARY_SUBMIT,SUBMIT,ACTION_REQUIRED,DOWNLOAD_PDF,CLOSEOUT,SEND_TO_NOLIJ,SET_STATUS_TO_RESULTS_DUE,REACTIVATE_GOALS,APPOINTMENT_TYPE) values (44202,'employeeReviewDue','superAdmin',null,null,null,null,null,null,null,null,null,null,null,null,null,'y',null,null,null,'Professional Faculty');
Insert into PERMISSION_RULES (ID,STATUS,ROLE,APPROVED_GOALS,UNAPPROVED_GOALS,GOAL_COMMENTS,RESULTS,SUPERVISOR_RESULTS,EVALUATION,REVIEW,EMPLOYEE_RESPONSE,REBUTTAL_READ,SECONDARY_SUBMIT,SUBMIT,ACTION_REQUIRED,DOWNLOAD_PDF,CLOSEOUT,SEND_TO_NOLIJ,SET_STATUS_TO_RESULTS_DUE,REACTIVATE_GOALS,APPOINTMENT_TYPE) values (44203,'employeeReviewDue','masterAdmin','v',null,null,'v','v','v',null,null,null,null,null,null,'y','y',null,null,null,'Professional Faculty');
Insert into PERMISSION_RULES (ID,STATUS,ROLE,APPROVED_GOALS,UNAPPROVED_GOALS,GOAL_COMMENTS,RESULTS,SUPERVISOR_RESULTS,EVALUATION,REVIEW,EMPLOYEE_RESPONSE,REBUTTAL_READ,SECONDARY_SUBMIT,SUBMIT,ACTION_REQUIRED,DOWNLOAD_PDF,CLOSEOUT,SEND_TO_NOLIJ,SET_STATUS_TO_RESULTS_DUE,REACTIVATE_GOALS,APPOINTMENT_TYPE) values (44204,'releaseDue','employee','v',null,null,'v',null,null,'v',null,null,null,null,null,'y',null,null,null,null,'Professional Faculty');
Insert into PERMISSION_RULES (ID,STATUS,ROLE,APPROVED_GOALS,UNAPPROVED_GOALS,GOAL_COMMENTS,RESULTS,SUPERVISOR_RESULTS,EVALUATION,REVIEW,EMPLOYEE_RESPONSE,REBUTTAL_READ,SECONDARY_SUBMIT,SUBMIT,ACTION_REQUIRED,DOWNLOAD_PDF,CLOSEOUT,SEND_TO_NOLIJ,SET_STATUS_TO_RESULTS_DUE,REACTIVATE_GOALS,APPOINTMENT_TYPE) values (44205,'releaseDue','reviewer',null,null,null,null,null,null,null,null,null,null,null,null,null,'y',null,null,null,'Professional Faculty');
Insert into PERMISSION_RULES (ID,STATUS,ROLE,APPROVED_GOALS,UNAPPROVED_GOALS,GOAL_COMMENTS,RESULTS,SUPERVISOR_RESULTS,EVALUATION,REVIEW,EMPLOYEE_RESPONSE,REBUTTAL_READ,SECONDARY_SUBMIT,SUBMIT,ACTION_REQUIRED,DOWNLOAD_PDF,CLOSEOUT,SEND_TO_NOLIJ,SET_STATUS_TO_RESULTS_DUE,REACTIVATE_GOALS,APPOINTMENT_TYPE) values (44206,'releaseDue','superAdmin',null,null,null,null,null,null,null,null,null,null,null,null,null,'y',null,null,null,'Professional Faculty');
Insert into PERMISSION_RULES (ID,STATUS,ROLE,APPROVED_GOALS,UNAPPROVED_GOALS,GOAL_COMMENTS,RESULTS,SUPERVISOR_RESULTS,EVALUATION,REVIEW,EMPLOYEE_RESPONSE,REBUTTAL_READ,SECONDARY_SUBMIT,SUBMIT,ACTION_REQUIRED,DOWNLOAD_PDF,CLOSEOUT,SEND_TO_NOLIJ,SET_STATUS_TO_RESULTS_DUE,REACTIVATE_GOALS,APPOINTMENT_TYPE) values (44207,'releaseDue','masterAdmin','v',null,null,'v',null,null,'v',null,null,null,null,null,'y','y',null,null,null,'Professional Faculty');
Insert into PERMISSION_RULES (ID,STATUS,ROLE,APPROVED_GOALS,UNAPPROVED_GOALS,GOAL_COMMENTS,RESULTS,SUPERVISOR_RESULTS,EVALUATION,REVIEW,EMPLOYEE_RESPONSE,REBUTTAL_READ,SECONDARY_SUBMIT,SUBMIT,ACTION_REQUIRED,DOWNLOAD_PDF,CLOSEOUT,SEND_TO_NOLIJ,SET_STATUS_TO_RESULTS_DUE,REACTIVATE_GOALS,APPOINTMENT_TYPE) values (44208,'appraisalDue','reviewer',null,null,null,null,null,null,null,null,null,null,null,null,null,'y',null,null,null,'Ranked Faculty');
Insert into PERMISSION_RULES (ID,STATUS,ROLE,APPROVED_GOALS,UNAPPROVED_GOALS,GOAL_COMMENTS,RESULTS,SUPERVISOR_RESULTS,EVALUATION,REVIEW,EMPLOYEE_RESPONSE,REBUTTAL_READ,SECONDARY_SUBMIT,SUBMIT,ACTION_REQUIRED,DOWNLOAD_PDF,CLOSEOUT,SEND_TO_NOLIJ,SET_STATUS_TO_RESULTS_DUE,REACTIVATE_GOALS,APPOINTMENT_TYPE) values (44209,'appraisalDue','superAdmin',null,null,null,null,null,null,null,null,null,null,null,null,null,'y',null,null,null,'Ranked Faculty');
Insert into PERMISSION_RULES (ID,STATUS,ROLE,APPROVED_GOALS,UNAPPROVED_GOALS,GOAL_COMMENTS,RESULTS,SUPERVISOR_RESULTS,EVALUATION,REVIEW,EMPLOYEE_RESPONSE,REBUTTAL_READ,SECONDARY_SUBMIT,SUBMIT,ACTION_REQUIRED,DOWNLOAD_PDF,CLOSEOUT,SEND_TO_NOLIJ,SET_STATUS_TO_RESULTS_DUE,REACTIVATE_GOALS,APPOINTMENT_TYPE) values (44210,'closed','reviewer',null,null,null,null,null,null,null,null,null,null,null,null,null,null,null,null,null,'Ranked Faculty');
Insert into PERMISSION_RULES (ID,STATUS,ROLE,APPROVED_GOALS,UNAPPROVED_GOALS,GOAL_COMMENTS,RESULTS,SUPERVISOR_RESULTS,EVALUATION,REVIEW,EMPLOYEE_RESPONSE,REBUTTAL_READ,SECONDARY_SUBMIT,SUBMIT,ACTION_REQUIRED,DOWNLOAD_PDF,CLOSEOUT,SEND_TO_NOLIJ,SET_STATUS_TO_RESULTS_DUE,REACTIVATE_GOALS,APPOINTMENT_TYPE) values (44211,'closed','superAdmin',null,null,null,null,null,null,null,null,null,null,null,null,null,null,null,null,null,'Ranked Faculty');
Insert into PERMISSION_RULES (ID,STATUS,ROLE,APPROVED_GOALS,UNAPPROVED_GOALS,GOAL_COMMENTS,RESULTS,SUPERVISOR_RESULTS,EVALUATION,REVIEW,EMPLOYEE_RESPONSE,REBUTTAL_READ,SECONDARY_SUBMIT,SUBMIT,ACTION_REQUIRED,DOWNLOAD_PDF,CLOSEOUT,SEND_TO_NOLIJ,SET_STATUS_TO_RESULTS_DUE,REACTIVATE_GOALS,APPOINTMENT_TYPE) values (44212,'completed','reviewer',null,null,null,null,null,null,null,null,null,null,null,null,null,null,null,null,null,'Ranked Faculty');
Insert into PERMISSION_RULES (ID,STATUS,ROLE,APPROVED_GOALS,UNAPPROVED_GOALS,GOAL_COMMENTS,RESULTS,SUPERVISOR_RESULTS,EVALUATION,REVIEW,EMPLOYEE_RESPONSE,REBUTTAL_READ,SECONDARY_SUBMIT,SUBMIT,ACTION_REQUIRED,DOWNLOAD_PDF,CLOSEOUT,SEND_TO_NOLIJ,SET_STATUS_TO_RESULTS_DUE,REACTIVATE_GOALS,APPOINTMENT_TYPE) values (44213,'completed','superAdmin',null,null,null,null,null,null,null,null,null,null,null,null,null,null,null,null,null,'Ranked Faculty');
Insert into PERMISSION_RULES (ID,STATUS,ROLE,APPROVED_GOALS,UNAPPROVED_GOALS,GOAL_COMMENTS,RESULTS,SUPERVISOR_RESULTS,EVALUATION,REVIEW,EMPLOYEE_RESPONSE,REBUTTAL_READ,SECONDARY_SUBMIT,SUBMIT,ACTION_REQUIRED,DOWNLOAD_PDF,CLOSEOUT,SEND_TO_NOLIJ,SET_STATUS_TO_RESULTS_DUE,REACTIVATE_GOALS,APPOINTMENT_TYPE) values (44214,'goalsApprovalDue','reviewer',null,null,null,null,null,null,null,null,null,null,null,null,null,'y',null,null,null,'Ranked Faculty');
Insert into PERMISSION_RULES (ID,STATUS,ROLE,APPROVED_GOALS,UNAPPROVED_GOALS,GOAL_COMMENTS,RESULTS,SUPERVISOR_RESULTS,EVALUATION,REVIEW,EMPLOYEE_RESPONSE,REBUTTAL_READ,SECONDARY_SUBMIT,SUBMIT,ACTION_REQUIRED,DOWNLOAD_PDF,CLOSEOUT,SEND_TO_NOLIJ,SET_STATUS_TO_RESULTS_DUE,REACTIVATE_GOALS,APPOINTMENT_TYPE) values (44215,'goalsApprovalDue','superAdmin',null,null,null,null,null,null,null,null,null,null,null,null,null,'y',null,null,null,'Ranked Faculty');
Insert into PERMISSION_RULES (ID,STATUS,ROLE,APPROVED_GOALS,UNAPPROVED_GOALS,GOAL_COMMENTS,RESULTS,SUPERVISOR_RESULTS,EVALUATION,REVIEW,EMPLOYEE_RESPONSE,REBUTTAL_READ,SECONDARY_SUBMIT,SUBMIT,ACTION_REQUIRED,DOWNLOAD_PDF,CLOSEOUT,SEND_TO_NOLIJ,SET_STATUS_TO_RESULTS_DUE,REACTIVATE_GOALS,APPOINTMENT_TYPE) values (44216,'goalsApproved','reviewer',null,null,null,null,null,null,null,null,null,null,null,null,null,'y',null,'y',null,'Ranked Faculty');
Insert into PERMISSION_RULES (ID,STATUS,ROLE,APPROVED_GOALS,UNAPPROVED_GOALS,GOAL_COMMENTS,RESULTS,SUPERVISOR_RESULTS,EVALUATION,REVIEW,EMPLOYEE_RESPONSE,REBUTTAL_READ,SECONDARY_SUBMIT,SUBMIT,ACTION_REQUIRED,DOWNLOAD_PDF,CLOSEOUT,SEND_TO_NOLIJ,SET_STATUS_TO_RESULTS_DUE,REACTIVATE_GOALS,APPOINTMENT_TYPE) values (44217,'goalsApproved','superAdmin',null,null,null,null,null,null,null,null,null,null,null,null,null,'y',null,'y',null,'Ranked Faculty');
Insert into PERMISSION_RULES (ID,STATUS,ROLE,APPROVED_GOALS,UNAPPROVED_GOALS,GOAL_COMMENTS,RESULTS,SUPERVISOR_RESULTS,EVALUATION,REVIEW,EMPLOYEE_RESPONSE,REBUTTAL_READ,SECONDARY_SUBMIT,SUBMIT,ACTION_REQUIRED,DOWNLOAD_PDF,CLOSEOUT,SEND_TO_NOLIJ,SET_STATUS_TO_RESULTS_DUE,REACTIVATE_GOALS,APPOINTMENT_TYPE) values (44218,'goalsDue','reviewer',null,null,null,null,null,null,null,null,null,null,null,null,null,'y',null,null,null,'Ranked Faculty');
Insert into PERMISSION_RULES (ID,STATUS,ROLE,APPROVED_GOALS,UNAPPROVED_GOALS,GOAL_COMMENTS,RESULTS,SUPERVISOR_RESULTS,EVALUATION,REVIEW,EMPLOYEE_RESPONSE,REBUTTAL_READ,SECONDARY_SUBMIT,SUBMIT,ACTION_REQUIRED,DOWNLOAD_PDF,CLOSEOUT,SEND_TO_NOLIJ,SET_STATUS_TO_RESULTS_DUE,REACTIVATE_GOALS,APPOINTMENT_TYPE) values (44219,'goalsDue','superAdmin',null,null,null,null,null,null,null,null,null,null,null,null,null,'y',null,null,null,'Ranked Faculty');
Insert into PERMISSION_RULES (ID,STATUS,ROLE,APPROVED_GOALS,UNAPPROVED_GOALS,GOAL_COMMENTS,RESULTS,SUPERVISOR_RESULTS,EVALUATION,REVIEW,EMPLOYEE_RESPONSE,REBUTTAL_READ,SECONDARY_SUBMIT,SUBMIT,ACTION_REQUIRED,DOWNLOAD_PDF,CLOSEOUT,SEND_TO_NOLIJ,SET_STATUS_TO_RESULTS_DUE,REACTIVATE_GOALS,APPOINTMENT_TYPE) values (44220,'goalsReactivated','reviewer',null,null,null,null,null,null,null,null,null,null,null,null,null,'y',null,'y',null,'Ranked Faculty');
Insert into PERMISSION_RULES (ID,STATUS,ROLE,APPROVED_GOALS,UNAPPROVED_GOALS,GOAL_COMMENTS,RESULTS,SUPERVISOR_RESULTS,EVALUATION,REVIEW,EMPLOYEE_RESPONSE,REBUTTAL_READ,SECONDARY_SUBMIT,SUBMIT,ACTION_REQUIRED,DOWNLOAD_PDF,CLOSEOUT,SEND_TO_NOLIJ,SET_STATUS_TO_RESULTS_DUE,REACTIVATE_GOALS,APPOINTMENT_TYPE) values (44221,'goalsReactivated','superAdmin',null,null,null,null,null,null,null,null,null,null,null,null,null,'y',null,'y',null,'Ranked Faculty');
Insert into PERMISSION_RULES (ID,STATUS,ROLE,APPROVED_GOALS,UNAPPROVED_GOALS,GOAL_COMMENTS,RESULTS,SUPERVISOR_RESULTS,EVALUATION,REVIEW,EMPLOYEE_RESPONSE,REBUTTAL_READ,SECONDARY_SUBMIT,SUBMIT,ACTION_REQUIRED,DOWNLOAD_PDF,CLOSEOUT,SEND_TO_NOLIJ,SET_STATUS_TO_RESULTS_DUE,REACTIVATE_GOALS,APPOINTMENT_TYPE) values (44222,'goalsReactivationRequested','reviewer',null,null,null,null,null,null,null,null,null,null,null,null,null,'y',null,'y',null,'Ranked Faculty');
Insert into PERMISSION_RULES (ID,STATUS,ROLE,APPROVED_GOALS,UNAPPROVED_GOALS,GOAL_COMMENTS,RESULTS,SUPERVISOR_RESULTS,EVALUATION,REVIEW,EMPLOYEE_RESPONSE,REBUTTAL_READ,SECONDARY_SUBMIT,SUBMIT,ACTION_REQUIRED,DOWNLOAD_PDF,CLOSEOUT,SEND_TO_NOLIJ,SET_STATUS_TO_RESULTS_DUE,REACTIVATE_GOALS,APPOINTMENT_TYPE) values (44223,'goalsReactivationRequested','superAdmin',null,null,null,null,null,null,null,null,null,null,null,null,null,'y',null,'y',null,'Ranked Faculty');
Insert into PERMISSION_RULES (ID,STATUS,ROLE,APPROVED_GOALS,UNAPPROVED_GOALS,GOAL_COMMENTS,RESULTS,SUPERVISOR_RESULTS,EVALUATION,REVIEW,EMPLOYEE_RESPONSE,REBUTTAL_READ,SECONDARY_SUBMIT,SUBMIT,ACTION_REQUIRED,DOWNLOAD_PDF,CLOSEOUT,SEND_TO_NOLIJ,SET_STATUS_TO_RESULTS_DUE,REACTIVATE_GOALS,APPOINTMENT_TYPE) values (44224,'goalsRequiredModification','reviewer',null,null,null,null,null,null,null,null,null,null,null,null,null,'y',null,null,null,'Ranked Faculty');
Insert into PERMISSION_RULES (ID,STATUS,ROLE,APPROVED_GOALS,UNAPPROVED_GOALS,GOAL_COMMENTS,RESULTS,SUPERVISOR_RESULTS,EVALUATION,REVIEW,EMPLOYEE_RESPONSE,REBUTTAL_READ,SECONDARY_SUBMIT,SUBMIT,ACTION_REQUIRED,DOWNLOAD_PDF,CLOSEOUT,SEND_TO_NOLIJ,SET_STATUS_TO_RESULTS_DUE,REACTIVATE_GOALS,APPOINTMENT_TYPE) values (44225,'goalsRequiredModification','superAdmin',null,null,null,null,null,null,null,null,null,null,null,null,null,'y',null,null,null,'Ranked Faculty');
Insert into PERMISSION_RULES (ID,STATUS,ROLE,APPROVED_GOALS,UNAPPROVED_GOALS,GOAL_COMMENTS,RESULTS,SUPERVISOR_RESULTS,EVALUATION,REVIEW,EMPLOYEE_RESPONSE,REBUTTAL_READ,SECONDARY_SUBMIT,SUBMIT,ACTION_REQUIRED,DOWNLOAD_PDF,CLOSEOUT,SEND_TO_NOLIJ,SET_STATUS_TO_RESULTS_DUE,REACTIVATE_GOALS,APPOINTMENT_TYPE) values (44226,'rebuttalReadDue','reviewer',null,null,null,null,null,null,null,null,null,null,null,null,null,'y',null,null,null,'Ranked Faculty');
Insert into PERMISSION_RULES (ID,STATUS,ROLE,APPROVED_GOALS,UNAPPROVED_GOALS,GOAL_COMMENTS,RESULTS,SUPERVISOR_RESULTS,EVALUATION,REVIEW,EMPLOYEE_RESPONSE,REBUTTAL_READ,SECONDARY_SUBMIT,SUBMIT,ACTION_REQUIRED,DOWNLOAD_PDF,CLOSEOUT,SEND_TO_NOLIJ,SET_STATUS_TO_RESULTS_DUE,REACTIVATE_GOALS,APPOINTMENT_TYPE) values (44227,'rebuttalReadDue','superAdmin',null,null,null,null,null,null,null,null,null,null,null,null,null,'y',null,null,null,'Ranked Faculty');
Insert into PERMISSION_RULES (ID,STATUS,ROLE,APPROVED_GOALS,UNAPPROVED_GOALS,GOAL_COMMENTS,RESULTS,SUPERVISOR_RESULTS,EVALUATION,REVIEW,EMPLOYEE_RESPONSE,REBUTTAL_READ,SECONDARY_SUBMIT,SUBMIT,ACTION_REQUIRED,DOWNLOAD_PDF,CLOSEOUT,SEND_TO_NOLIJ,SET_STATUS_TO_RESULTS_DUE,REACTIVATE_GOALS,APPOINTMENT_TYPE) values (44228,'resultsDue','reviewer',null,null,null,null,null,null,null,null,null,null,null,null,null,'y',null,null,null,'Ranked Faculty');
Insert into PERMISSION_RULES (ID,STATUS,ROLE,APPROVED_GOALS,UNAPPROVED_GOALS,GOAL_COMMENTS,RESULTS,SUPERVISOR_RESULTS,EVALUATION,REVIEW,EMPLOYEE_RESPONSE,REBUTTAL_READ,SECONDARY_SUBMIT,SUBMIT,ACTION_REQUIRED,DOWNLOAD_PDF,CLOSEOUT,SEND_TO_NOLIJ,SET_STATUS_TO_RESULTS_DUE,REACTIVATE_GOALS,APPOINTMENT_TYPE) values (44229,'resultsDue','superAdmin',null,null,null,null,null,null,null,null,null,null,null,null,null,'y',null,null,null,'Ranked Faculty');
Insert into PERMISSION_RULES (ID,STATUS,ROLE,APPROVED_GOALS,UNAPPROVED_GOALS,GOAL_COMMENTS,RESULTS,SUPERVISOR_RESULTS,EVALUATION,REVIEW,EMPLOYEE_RESPONSE,REBUTTAL_READ,SECONDARY_SUBMIT,SUBMIT,ACTION_REQUIRED,DOWNLOAD_PDF,CLOSEOUT,SEND_TO_NOLIJ,SET_STATUS_TO_RESULTS_DUE,REACTIVATE_GOALS,APPOINTMENT_TYPE) values (44230,'signatureDue','reviewer',null,null,null,null,null,null,null,null,null,null,null,null,null,'y',null,null,null,'Ranked Faculty');
Insert into PERMISSION_RULES (ID,STATUS,ROLE,APPROVED_GOALS,UNAPPROVED_GOALS,GOAL_COMMENTS,RESULTS,SUPERVISOR_RESULTS,EVALUATION,REVIEW,EMPLOYEE_RESPONSE,REBUTTAL_READ,SECONDARY_SUBMIT,SUBMIT,ACTION_REQUIRED,DOWNLOAD_PDF,CLOSEOUT,SEND_TO_NOLIJ,SET_STATUS_TO_RESULTS_DUE,REACTIVATE_GOALS,APPOINTMENT_TYPE) values (44231,'signatureDue','superAdmin',null,null,null,null,null,null,null,null,null,null,null,null,null,'y',null,null,null,'Ranked Faculty');
Insert into PERMISSION_RULES (ID,STATUS,ROLE,APPROVED_GOALS,UNAPPROVED_GOALS,GOAL_COMMENTS,RESULTS,SUPERVISOR_RESULTS,EVALUATION,REVIEW,EMPLOYEE_RESPONSE,REBUTTAL_READ,SECONDARY_SUBMIT,SUBMIT,ACTION_REQUIRED,DOWNLOAD_PDF,CLOSEOUT,SEND_TO_NOLIJ,SET_STATUS_TO_RESULTS_DUE,REACTIVATE_GOALS,APPOINTMENT_TYPE) values (44232,'appraisalDue','masterAdmin','v',null,null,'v',null,null,null,null,null,null,null,null,'y','y',null,null,null,'Ranked Faculty');
Insert into PERMISSION_RULES (ID,STATUS,ROLE,APPROVED_GOALS,UNAPPROVED_GOALS,GOAL_COMMENTS,RESULTS,SUPERVISOR_RESULTS,EVALUATION,REVIEW,EMPLOYEE_RESPONSE,REBUTTAL_READ,SECONDARY_SUBMIT,SUBMIT,ACTION_REQUIRED,DOWNLOAD_PDF,CLOSEOUT,SEND_TO_NOLIJ,SET_STATUS_TO_RESULTS_DUE,REACTIVATE_GOALS,APPOINTMENT_TYPE) values (44233,'closed','masterAdmin','v',null,null,null,null,null,null,null,null,null,null,null,null,null,null,null,null,'Ranked Faculty');
Insert into PERMISSION_RULES (ID,STATUS,ROLE,APPROVED_GOALS,UNAPPROVED_GOALS,GOAL_COMMENTS,RESULTS,SUPERVISOR_RESULTS,EVALUATION,REVIEW,EMPLOYEE_RESPONSE,REBUTTAL_READ,SECONDARY_SUBMIT,SUBMIT,ACTION_REQUIRED,DOWNLOAD_PDF,CLOSEOUT,SEND_TO_NOLIJ,SET_STATUS_TO_RESULTS_DUE,REACTIVATE_GOALS,APPOINTMENT_TYPE) values (44234,'completed','masterAdmin','v',null,null,'v','v','v','v','v',null,null,null,null,'y',null,null,null,null,'Ranked Faculty');
Insert into PERMISSION_RULES (ID,STATUS,ROLE,APPROVED_GOALS,UNAPPROVED_GOALS,GOAL_COMMENTS,RESULTS,SUPERVISOR_RESULTS,EVALUATION,REVIEW,EMPLOYEE_RESPONSE,REBUTTAL_READ,SECONDARY_SUBMIT,SUBMIT,ACTION_REQUIRED,DOWNLOAD_PDF,CLOSEOUT,SEND_TO_NOLIJ,SET_STATUS_TO_RESULTS_DUE,REACTIVATE_GOALS,APPOINTMENT_TYPE) values (44235,'goalsApprovalDue','masterAdmin','v',null,null,null,null,null,null,null,null,null,null,null,'y','y',null,null,null,'Ranked Faculty');
Insert into PERMISSION_RULES (ID,STATUS,ROLE,APPROVED_GOALS,UNAPPROVED_GOALS,GOAL_COMMENTS,RESULTS,SUPERVISOR_RESULTS,EVALUATION,REVIEW,EMPLOYEE_RESPONSE,REBUTTAL_READ,SECONDARY_SUBMIT,SUBMIT,ACTION_REQUIRED,DOWNLOAD_PDF,CLOSEOUT,SEND_TO_NOLIJ,SET_STATUS_TO_RESULTS_DUE,REACTIVATE_GOALS,APPOINTMENT_TYPE) values (44236,'goalsApproved','masterAdmin','v',null,null,null,null,null,null,null,null,null,null,null,'y','y',null,'y',null,'Ranked Faculty');
Insert into PERMISSION_RULES (ID,STATUS,ROLE,APPROVED_GOALS,UNAPPROVED_GOALS,GOAL_COMMENTS,RESULTS,SUPERVISOR_RESULTS,EVALUATION,REVIEW,EMPLOYEE_RESPONSE,REBUTTAL_READ,SECONDARY_SUBMIT,SUBMIT,ACTION_REQUIRED,DOWNLOAD_PDF,CLOSEOUT,SEND_TO_NOLIJ,SET_STATUS_TO_RESULTS_DUE,REACTIVATE_GOALS,APPOINTMENT_TYPE) values (44237,'goalsDue','masterAdmin',null,null,null,null,null,null,null,null,null,null,null,null,'y','y',null,null,null,'Ranked Faculty');
Insert into PERMISSION_RULES (ID,STATUS,ROLE,APPROVED_GOALS,UNAPPROVED_GOALS,GOAL_COMMENTS,RESULTS,SUPERVISOR_RESULTS,EVALUATION,REVIEW,EMPLOYEE_RESPONSE,REBUTTAL_READ,SECONDARY_SUBMIT,SUBMIT,ACTION_REQUIRED,DOWNLOAD_PDF,CLOSEOUT,SEND_TO_NOLIJ,SET_STATUS_TO_RESULTS_DUE,REACTIVATE_GOALS,APPOINTMENT_TYPE) values (44238,'goalsReactivated','masterAdmin','v',null,null,null,null,null,null,null,null,null,null,null,'y','y',null,'y',null,'Ranked Faculty');
Insert into PERMISSION_RULES (ID,STATUS,ROLE,APPROVED_GOALS,UNAPPROVED_GOALS,GOAL_COMMENTS,RESULTS,SUPERVISOR_RESULTS,EVALUATION,REVIEW,EMPLOYEE_RESPONSE,REBUTTAL_READ,SECONDARY_SUBMIT,SUBMIT,ACTION_REQUIRED,DOWNLOAD_PDF,CLOSEOUT,SEND_TO_NOLIJ,SET_STATUS_TO_RESULTS_DUE,REACTIVATE_GOALS,APPOINTMENT_TYPE) values (44239,'goalsReactivationRequested','masterAdmin','v',null,null,null,null,null,null,null,null,null,null,null,'y','y',null,'y',null,'Ranked Faculty');
Insert into PERMISSION_RULES (ID,STATUS,ROLE,APPROVED_GOALS,UNAPPROVED_GOALS,GOAL_COMMENTS,RESULTS,SUPERVISOR_RESULTS,EVALUATION,REVIEW,EMPLOYEE_RESPONSE,REBUTTAL_READ,SECONDARY_SUBMIT,SUBMIT,ACTION_REQUIRED,DOWNLOAD_PDF,CLOSEOUT,SEND_TO_NOLIJ,SET_STATUS_TO_RESULTS_DUE,REACTIVATE_GOALS,APPOINTMENT_TYPE) values (44240,'goalsRequiredModification','masterAdmin','v',null,'v',null,null,null,null,null,null,null,null,null,'y','y',null,null,null,'Ranked Faculty');
Insert into PERMISSION_RULES (ID,STATUS,ROLE,APPROVED_GOALS,UNAPPROVED_GOALS,GOAL_COMMENTS,RESULTS,SUPERVISOR_RESULTS,EVALUATION,REVIEW,EMPLOYEE_RESPONSE,REBUTTAL_READ,SECONDARY_SUBMIT,SUBMIT,ACTION_REQUIRED,DOWNLOAD_PDF,CLOSEOUT,SEND_TO_NOLIJ,SET_STATUS_TO_RESULTS_DUE,REACTIVATE_GOALS,APPOINTMENT_TYPE) values (44241,'rebuttalReadDue','masterAdmin','v',null,null,'v','v','v','v','v',null,null,null,null,'y',null,null,null,null,'Ranked Faculty');
Insert into PERMISSION_RULES (ID,STATUS,ROLE,APPROVED_GOALS,UNAPPROVED_GOALS,GOAL_COMMENTS,RESULTS,SUPERVISOR_RESULTS,EVALUATION,REVIEW,EMPLOYEE_RESPONSE,REBUTTAL_READ,SECONDARY_SUBMIT,SUBMIT,ACTION_REQUIRED,DOWNLOAD_PDF,CLOSEOUT,SEND_TO_NOLIJ,SET_STATUS_TO_RESULTS_DUE,REACTIVATE_GOALS,APPOINTMENT_TYPE) values (44242,'resultsDue','masterAdmin','v',null,null,null,null,null,null,null,null,null,null,null,'y','y',null,null,null,'Ranked Faculty');
Insert into PERMISSION_RULES (ID,STATUS,ROLE,APPROVED_GOALS,UNAPPROVED_GOALS,GOAL_COMMENTS,RESULTS,SUPERVISOR_RESULTS,EVALUATION,REVIEW,EMPLOYEE_RESPONSE,REBUTTAL_READ,SECONDARY_SUBMIT,SUBMIT,ACTION_REQUIRED,DOWNLOAD_PDF,CLOSEOUT,SEND_TO_NOLIJ,SET_STATUS_TO_RESULTS_DUE,REACTIVATE_GOALS,APPOINTMENT_TYPE) values (44243,'signatureDue','masterAdmin','v',null,null,'v','v','v','v',null,null,null,null,null,'y','y',null,null,null,'Ranked Faculty');
Insert into PERMISSION_RULES (ID,STATUS,ROLE,APPROVED_GOALS,UNAPPROVED_GOALS,GOAL_COMMENTS,RESULTS,SUPERVISOR_RESULTS,EVALUATION,REVIEW,EMPLOYEE_RESPONSE,REBUTTAL_READ,SECONDARY_SUBMIT,SUBMIT,ACTION_REQUIRED,DOWNLOAD_PDF,CLOSEOUT,SEND_TO_NOLIJ,SET_STATUS_TO_RESULTS_DUE,REACTIVATE_GOALS,APPOINTMENT_TYPE) values (44244,'signatureDue','supervisor','v',null,null,'v','v','v',null,null,null,null,null,'action-team-signature-due','y',null,null,null,null,'Ranked Faculty');
Insert into PERMISSION_RULES (ID,STATUS,ROLE,APPROVED_GOALS,UNAPPROVED_GOALS,GOAL_COMMENTS,RESULTS,SUPERVISOR_RESULTS,EVALUATION,REVIEW,EMPLOYEE_RESPONSE,REBUTTAL_READ,SECONDARY_SUBMIT,SUBMIT,ACTION_REQUIRED,DOWNLOAD_PDF,CLOSEOUT,SEND_TO_NOLIJ,SET_STATUS_TO_RESULTS_DUE,REACTIVATE_GOALS,APPOINTMENT_TYPE) values (44245,'signatureDue','upper-supervisor','v',null,null,'v','v','v',null,null,null,null,null,null,'y',null,null,null,null,'Ranked Faculty');
Insert into PERMISSION_RULES (ID,STATUS,ROLE,APPROVED_GOALS,UNAPPROVED_GOALS,GOAL_COMMENTS,RESULTS,SUPERVISOR_RESULTS,EVALUATION,REVIEW,EMPLOYEE_RESPONSE,REBUTTAL_READ,SECONDARY_SUBMIT,SUBMIT,ACTION_REQUIRED,DOWNLOAD_PDF,CLOSEOUT,SEND_TO_NOLIJ,SET_STATUS_TO_RESULTS_DUE,REACTIVATE_GOALS,APPOINTMENT_TYPE) values (44246,'completed','supervisor','v',null,null,'v','v','v',null,'v',null,null,null,null,'y',null,null,null,null,'Ranked Faculty');
Insert into PERMISSION_RULES (ID,STATUS,ROLE,APPROVED_GOALS,UNAPPROVED_GOALS,GOAL_COMMENTS,RESULTS,SUPERVISOR_RESULTS,EVALUATION,REVIEW,EMPLOYEE_RESPONSE,REBUTTAL_READ,SECONDARY_SUBMIT,SUBMIT,ACTION_REQUIRED,DOWNLOAD_PDF,CLOSEOUT,SEND_TO_NOLIJ,SET_STATUS_TO_RESULTS_DUE,REACTIVATE_GOALS,APPOINTMENT_TYPE) values (44247,'completed','upper-supervisor','v',null,null,'v','v','v',null,'v',null,null,null,null,'y',null,null,null,null,'Ranked Faculty');
Insert into PERMISSION_RULES (ID,STATUS,ROLE,APPROVED_GOALS,UNAPPROVED_GOALS,GOAL_COMMENTS,RESULTS,SUPERVISOR_RESULTS,EVALUATION,REVIEW,EMPLOYEE_RESPONSE,REBUTTAL_READ,SECONDARY_SUBMIT,SUBMIT,ACTION_REQUIRED,DOWNLOAD_PDF,CLOSEOUT,SEND_TO_NOLIJ,SET_STATUS_TO_RESULTS_DUE,REACTIVATE_GOALS,APPOINTMENT_TYPE) values (44248,'closed','supervisor','v',null,null,'v','v','v',null,'v',null,null,null,null,'y',null,null,null,null,'Ranked Faculty');
Insert into PERMISSION_RULES (ID,STATUS,ROLE,APPROVED_GOALS,UNAPPROVED_GOALS,GOAL_COMMENTS,RESULTS,SUPERVISOR_RESULTS,EVALUATION,REVIEW,EMPLOYEE_RESPONSE,REBUTTAL_READ,SECONDARY_SUBMIT,SUBMIT,ACTION_REQUIRED,DOWNLOAD_PDF,CLOSEOUT,SEND_TO_NOLIJ,SET_STATUS_TO_RESULTS_DUE,REACTIVATE_GOALS,APPOINTMENT_TYPE) values (44249,'closed','upper-supervisor','v',null,null,'v','v','v',null,'v',null,null,null,null,'y',null,null,null,null,'Ranked Faculty');
Insert into PERMISSION_RULES (ID,STATUS,ROLE,APPROVED_GOALS,UNAPPROVED_GOALS,GOAL_COMMENTS,RESULTS,SUPERVISOR_RESULTS,EVALUATION,REVIEW,EMPLOYEE_RESPONSE,REBUTTAL_READ,SECONDARY_SUBMIT,SUBMIT,ACTION_REQUIRED,DOWNLOAD_PDF,CLOSEOUT,SEND_TO_NOLIJ,SET_STATUS_TO_RESULTS_DUE,REACTIVATE_GOALS,APPOINTMENT_TYPE) values (44250,'rebuttalReadDue','supervisor','v',null,null,'v','v','v',null,'v','e',null,'read-appraisal-rebuttal','action-required-rebuttal-read-due','y',null,null,null,null,'Ranked Faculty');

Insert into REVIEW_CYCLE_OPTIONS (ID,NAME,VALUE,SEQUENCE,CREATOR_PIDM,CREATE_DATE,DELETER_PIDM,DELETE_DATE) values (1,'Calendar Year',1,1,1318622,str_to_date('31-OCT-14','%d-%M-%y'),null,null);
Insert into REVIEW_CYCLE_OPTIONS (ID,NAME,VALUE,SEQUENCE,CREATOR_PIDM,CREATE_DATE,DELETER_PIDM,DELETE_DATE) values (119140,'Fiscal Year',7,2,1318622,str_to_date('13-OCT-14','%d-%M-%y'),null,null);
Insert into REVIEW_CYCLE_OPTIONS (ID,NAME,VALUE,SEQUENCE,CREATOR_PIDM,CREATE_DATE,DELETER_PIDM,DELETE_DATE) values (120357,'Academic Year',9,3,1318622,str_to_date('20-OCT-14','%d-%M-%y'),null,null);

Insert into STATUS (STATUS) values ('appraisalDue');
Insert into STATUS (STATUS) values ('appraisalOverdue');
Insert into STATUS (STATUS) values ('archived');
Insert into STATUS (STATUS) values ('backToOriginalStatus');
Insert into STATUS (STATUS) values ('closed');
Insert into STATUS (STATUS) values ('completed');
Insert into STATUS (STATUS) values ('employeeReviewDue');
Insert into STATUS (STATUS) values ('goalsApprovalDue');
Insert into STATUS (STATUS) values ('goalsApprovalOverdue');
Insert into STATUS (STATUS) values ('goalsApproved');
Insert into STATUS (STATUS) values ('goalsDue');
Insert into STATUS (STATUS) values ('goalsOverdue');
Insert into STATUS (STATUS) values ('goalsReactivated');
Insert into STATUS (STATUS) values ('goalsReactivationRequested');
Insert into STATUS (STATUS) values ('goalsRequiredModification');
Insert into STATUS (STATUS) values ('rebuttalReadDue');
Insert into STATUS (STATUS) values ('rebuttalReadOverdue');
Insert into STATUS (STATUS) values ('releaseDue');
Insert into STATUS (STATUS) values ('releaseOverdue');
Insert into STATUS (STATUS) values ('resultsDue');
Insert into STATUS (STATUS) values ('resultsOverdue');
Insert into STATUS (STATUS) values ('reviewDue');
Insert into STATUS (STATUS) values ('reviewOverdue');
Insert into STATUS (STATUS) values ('signatureDue');
Insert into STATUS (STATUS) values ('signatureOverdue');
